request,Contributor:token,Contributor:id,Contributor,Type_of_Contributor:token,Type_of_Contributor:id,Type_of_Contributor,#_of_Records,Total_$
dt=1&d-et=3&d-cci=86&d-eid=1276,d-eid,1276,HUMAN RIGHTS CAMPAIGN,d-et,3,Non-Individual,3473,18884400.54
dt=1&d-et=3&d-cci=86&d-eid=14586,d-eid,14586,EQUALITY CALIFORNIA,d-et,3,Non-Individual,219,11768456.31
dt=1&d-et=3&d-cci=86&d-eid=12456,d-eid,12456,GILL ACTION FUND,d-et,3,Non-Individual,61,5269714.03
dt=1&d-et=3&d-cci=86&d-eid=857979,d-eid,857979,FREEDOM TO MARRY,d-et,3,Non-Individual,166,4258164.82
dt=1&d-et=3&d-cci=86&d-eid=14591,d-eid,14591,NO ON PROPOSITION 8 CAMPAIGN FOR MARRIAGE EQUALITY,d-et,3,Non-Individual,5,1955754.55
dt=1&d-et=3&d-cci=86&d-eid=6893,d-eid,6893,GAY & LESBIAN VICTORY FUND,d-et,3,Non-Individual,804,1954045.47
dt=1&d-et=3&d-cci=86&d-eid=8000,d-eid,8000,NATIONAL GAY & LESBIAN TASK FORCE,d-et,3,Non-Individual,153,1844788.83
dt=1&d-et=3&d-cci=86&d-eid=11924,d-eid,11924,EMPIRE STATE PRIDE AGENDA,d-et,3,Non-Individual,515,1291304
dt=1&d-et=3&d-cci=86&d-eid=28305717,d-eid,28305717,EQUALITY PAC,d-et,3,Non-Individual,224,906336.6
dt=1&d-et=3&d-cci=86&d-eid=3217,d-eid,3217,BASIC RIGHTS OREGON,d-et,3,Non-Individual,384,849128.59
dt=1&d-et=3&d-cci=86&d-eid=3792829,d-eid,3792829,ACTION WISCONSIN,d-et,3,Non-Individual,44,816897.97
dt=1&d-et=3&d-cci=86&d-eid=16164413,d-eid,16164413,LPAC,d-et,3,Non-Individual,117,800400
dt=1&d-et=3&d-cci=86&d-eid=9928626,d-eid,9928626,GENERAL TREASURY TRANSFER,d-et,3,Non-Individual,35,761044.26
dt=1&d-et=3&d-cci=86&d-eid=46852595,d-eid,46852595,FREEDOM MASSACHUSETTS EDUCATION FUND,d-et,3,Non-Individual,9,705932.8
dt=1&d-et=3&d-cci=86&d-eid=9175959,d-eid,9175959,PROJECT 515,d-et,3,Non-Individual,72,666199.19
dt=1&d-et=3&d-cci=86&d-eid=10811,d-eid,10811,CALIFORNIANS FOR PROGRESS - NO ON 17 FKA CALIFORNIANS AGAINST ELIMINATING BASIC RIGHTS NO ON PROPOSITION 8,d-et,3,Non-Individual,4,661500
dt=1&d-et=3&d-cci=86&d-eid=14588,d-eid,14588,NO ON 8 NATIONAL CENTER FOR LESBIAN RIGHTS SOCIAL JUSTICE FUND,d-et,3,Non-Individual,19,614026
dt=1&d-et=3&d-cci=86&d-eid=9175905,d-eid,9175905,OUTFRONT MINNESOTA,d-et,3,Non-Individual,20,565552.66
dt=1&d-et=3&d-cci=86&d-eid=13756,d-eid,13756,LOS ANGELES GAY & LESBIAN COMMUNITY SERVICES CENTER,d-et,3,Non-Individual,74,548294.08
dt=1&d-et=3&d-cci=86&d-eid=10967,d-eid,10967,CENTER ADVOCACY PROJECT,d-et,3,Non-Individual,44,506294.37
dt=1&d-et=3&d-cci=86&d-eid=1114289,d-eid,1114289,EQUALITY MAINE,d-et,3,Non-Individual,73,485128.89
dt=1&d-et=3&d-cci=86&d-eid=9973770,d-eid,9973770,GAY & LESBIAN ADVOCATES & DEFENDERS,d-et,3,Non-Individual,121,404070.84
dt=1&d-et=3&d-cci=86&d-eid=2598137,d-eid,2598137,EQUALITY ILLINOIS,d-et,3,Non-Individual,230,380157.25
dt=1&d-et=3&d-cci=86&d-eid=22215684,d-eid,22215684,LESBIAN GAY BISEXUAL TRANSGENDER CAUCUS LEADERSHIP FUND,d-et,3,Non-Individual,50,297386.51
dt=1&d-et=3&d-cci=86&d-eid=15603138,d-eid,15603138,MARYLANDERS FOR MARRIAGE EQUALITY,d-et,3,Non-Individual,4,291687.2
dt=1&d-et=3&d-cci=86&d-eid=11030050,d-eid,11030050,MINNESOTANS UNITED FOR ALL FAMILIES,d-et,3,Non-Individual,11,291366
dt=1&d-et=3&d-cci=86&d-eid=5687696,d-eid,5687696,EQUALITY VIRGINIA,d-et,3,Non-Individual,314,263468.11
dt=1&d-et=3&d-cci=86&d-eid=11495215,d-eid,11495215,TEXAS EQUITY PAC,d-et,3,Non-Individual,96,249290
dt=1&d-et=3&d-cci=86&d-eid=16353,d-eid,16353,TASK FORCE CALIFORNIA CMTE - NO ON 8,d-et,3,Non-Individual,14,246678.7
dt=1&d-et=3&d-cci=86&d-eid=6085,d-eid,6085,BRUCE W BASTIAN FOUNDATION,d-et,3,Non-Individual,2,239000
dt=1&d-et=3&d-cci=86&d-eid=5998554,d-eid,5998554,ONE COLORADO,d-et,3,Non-Individual,288,220572.68
dt=1&d-et=3&d-cci=86&d-eid=12387,d-eid,12387,GAY & LESBIAN ALLIANCE AGAINST DEFAMATION,d-et,3,Non-Individual,11,212373.41
dt=1&d-et=3&d-cci=86&d-eid=9837221,d-eid,9837221,EQUALITY UTAH,d-et,3,Non-Individual,212,211715
dt=1&d-et=3&d-cci=86&d-eid=4733411,d-eid,4733411,EQUALITY MARYLAND,d-et,3,Non-Individual,186,209473.85
dt=1&d-et=3&d-cci=86&d-eid=10096,d-eid,10096,ARIZONA TOGETHER SUPPORTERS INC,d-et,3,Non-Individual,4,161100
dt=1&d-et=3&d-cci=86&d-eid=5844915,d-eid,5844915,EQUALITY NORTH CAROLINA,d-et,3,Non-Individual,156,161071.8
dt=1&d-et=3&d-cci=86&d-eid=40334856,d-eid,40334856,FREEDOM FOR ALL AMERICANS,d-et,3,Non-Individual,16,156026.23
dt=1&d-et=3&d-cci=86&d-eid=2607370,d-eid,2607370,EQUAL RIGHTS WASHINGTON,d-et,3,Non-Individual,133,144606.14
dt=1&d-et=3&d-cci=86&d-eid=8570,d-eid,8570,PRIDE FOUNDATION,d-et,3,Non-Individual,9,144298
dt=1&d-et=3&d-cci=86&d-eid=6031075,d-eid,6031075,COMMONWEALTH COALITION,d-et,3,Non-Individual,1,132171.44
dt=1&d-et=3&d-cci=86&d-eid=1565,d-eid,1565,LOG CABIN REPUBLICANS,d-et,3,Non-Individual,129,129775
dt=1&d-et=3&d-cci=86&d-eid=15268,d-eid,15268,CIVIL MARRIAGE COLLABORATIVE,d-et,3,Non-Individual,1,125000
dt=1&d-et=3&d-cci=86&d-eid=12933,d-eid,12933,HORIZONS FOUNDATION,d-et,3,Non-Individual,5,120000
dt=1&d-et=3&d-cci=86&d-eid=7783,d-eid,7783,EQUALITY MICHIGAN,d-et,3,Non-Individual,75,117650
dt=1&d-et=3&d-cci=86&d-eid=8230066,d-eid,8230066,SOUTH CAROLINA EQUALITY COALITION,d-et,3,Non-Individual,22,113603.65
dt=1&d-et=3&d-cci=86&d-eid=13728,d-eid,13728,LOG CABIN REPUBLICANS NEW YORK,d-et,3,Non-Individual,61,105965
dt=1&d-et=3&d-cci=86&d-eid=969458,d-eid,969458,EQUALITY FLORIDA ACTION NETWORK,d-et,3,Non-Individual,10,102301.02
dt=1&d-et=3&d-cci=86&d-eid=5477728,d-eid,5477728,RIGHT TO PRIVACY PAC,d-et,3,Non-Individual,75,98347.35
dt=1&d-et=3&d-cci=86&d-eid=10085,d-eid,10085,ARCUS FOUNDATION,d-et,3,Non-Individual,1,97557
dt=1&d-et=3&d-cci=86&d-eid=2599274,d-eid,2599274,ILLINOIS FAIRNESS FUND,d-et,3,Non-Individual,11,90194.41
dt=1&d-et=3&d-cci=86&d-eid=100539,d-eid,100539,STONEWALL DEMOCRATIC CLUB OF GREATER SACRAMENTO,d-et,3,Non-Individual,72,81864
dt=1&d-et=3&d-cci=86&d-eid=22978,d-eid,22978,MASSEQUALITY,d-et,3,Non-Individual,173,78349.61
dt=1&d-et=3&d-cci=86&d-eid=13788,d-eid,13788,LOVE MAKES A FAMILY,d-et,3,Non-Individual,64,74776.64
dt=1&d-et=3&d-cci=86&d-eid=6538,d-eid,6538,DELAWARE STONEWALL DEMOCRATS,d-et,3,Non-Individual,173,72450
dt=1&d-et=3&d-cci=86&d-eid=6015613,d-eid,6015613,FAIRNESS FUND,d-et,3,Non-Individual,15,66463.81
dt=1&d-et=3&d-cci=86&d-eid=46852592,d-eid,46852592,GLBTQ LEGAL ADVOCATES & DEFENDERS INC,d-et,3,Non-Individual,2,65000
dt=1&d-et=3&d-cci=86&d-eid=5320073,d-eid,5320073,INDIANA STONEWALL DEMOCRATS,d-et,3,Non-Individual,68,64050
dt=1&d-et=3&d-cci=86&d-eid=5392730,d-eid,5392730,RIGHT TO PRIVACY PAC,d-et,3,Non-Individual,114,62300
dt=1&d-et=3&d-cci=86&d-eid=8607782,d-eid,8607782,EQUALITY SOUTH DAKOTA,d-et,3,Non-Individual,103,60400
dt=1&d-et=3&d-cci=86&d-eid=12051,d-eid,12051,FAMILY EQUALITY COUNCIL,d-et,3,Non-Individual,8,60187.55
dt=1&d-et=3&d-cci=86&d-eid=9992303,d-eid,9992303,TWO SISTERS & A WIFE FOUNDATION,d-et,3,Non-Individual,1,60000
dt=1&d-et=3&d-cci=86&d-eid=1727525,d-eid,1727525,MICHIGAN PRIDE,d-et,3,Non-Individual,60,59947.75
dt=1&d-et=3&d-cci=86&d-eid=21529841,d-eid,21529841,MINNESOTA UNITED PAC,d-et,3,Non-Individual,19,59000
dt=1&d-et=3&d-cci=86&d-eid=14410,d-eid,14410,NATIONAL CENTER FOR LESBIAN RIGHTS,d-et,3,Non-Individual,3,56000
dt=1&d-et=3&d-cci=86&d-eid=1126201,d-eid,1126201,GARDEN STATE EQUALITY,d-et,3,Non-Individual,29,53925
dt=1&d-et=3&d-cci=86&d-eid=16877360,d-eid,16877360,KEVIN J MOSSIER FOUNDATION,d-et,3,Non-Individual,1,52500
dt=1&d-et=3&d-cci=86&d-eid=6551997,d-eid,6551997,GARDEN STATE EQUALITY LLC,d-et,3,Non-Individual,13,50050
dt=1&d-et=3&d-cci=86&d-eid=13669,d-eid,13669,LESBIAN EQUITY FOUNDATION,d-et,3,Non-Individual,3,50000
dt=1&d-et=3&d-cci=86&d-eid=6573638,d-eid,6573638,GAY & LESBIAN RESOURCE CENTER IOWA,d-et,3,Non-Individual,2,50000
dt=1&d-et=3&d-cci=86&d-eid=11519838,d-eid,11519838,NO NONSENSE IN NOVEMBER,d-et,3,Non-Individual,3,47265
dt=1&d-et=3&d-cci=86&d-eid=16310122,d-eid,16310122,MAINERS UNITED FOR MARRIAGE,d-et,3,Non-Individual,1,46977
dt=1&d-et=3&d-cci=86&d-eid=44751099,d-eid,44751099,GREATER BOSTON PFLAG,d-et,3,Non-Individual,2,45000
dt=1&d-et=3&d-cci=86&d-eid=4506564,d-eid,4506564,JLS OPERATIONS,d-et,3,Non-Individual,4,44500
dt=1&d-et=3&d-cci=86&d-eid=16878,d-eid,16878,VIRGINIA PARTISANS GAY & LESBIAN DEMOCRATIC CLUB,d-et,3,Non-Individual,69,44427.45
dt=1&d-et=3&d-cci=86&d-eid=4245869,d-eid,4245869,PRIVACY FUND,d-et,3,Non-Individual,95,44100
dt=1&d-et=3&d-cci=86&d-eid=8289586,d-eid,8289586,ALLIANCE FOR FULL ACCEPTANCE,d-et,3,Non-Individual,9,41313.9
dt=1&d-et=3&d-cci=86&d-eid=9039403,d-eid,9039403,EQUALITY NEW MEXICO,d-et,3,Non-Individual,72,41120
dt=1&d-et=3&d-cci=86&d-eid=9353,d-eid,9353,VERMONT FUND FOR FAMILIES,d-et,3,Non-Individual,113,38771.77
dt=1&d-et=3&d-cci=86&d-eid=2596550,d-eid,2596550,CLEVELAND STONEWALL DEMOCRATS,d-et,3,Non-Individual,67,36100
dt=1&d-et=3&d-cci=86&d-eid=695917,d-eid,695917,LOG CABIN REPUBLICANS OF CALIFORNIA,d-et,3,Non-Individual,55,34935.34
dt=1&d-et=3&d-cci=86&d-eid=9977668,d-eid,9977668,LGBT MENTORING PROJECT,d-et,3,Non-Individual,2,32875
dt=1&d-et=3&d-cci=86&d-eid=948564,d-eid,948564,TEXAS STONEWALL DEMOCRATIC CAUCUS,d-et,3,Non-Individual,62,32800
dt=1&d-et=3&d-cci=86&d-eid=9964870,d-eid,9964870,PROTECT MAINE EQUALITY,d-et,3,Non-Individual,2,31100
dt=1&d-et=3&d-cci=86&d-eid=5456552,d-eid,5456552,REPUBLICAN UNITY COALITION,d-et,3,Non-Individual,2,30000
dt=1&d-et=3&d-cci=86&d-eid=11519839,d-eid,11519839,NO NONSENSE IN 2006,d-et,3,Non-Individual,3,29613.72
dt=1&d-et=3&d-cci=86&d-eid=11518334,d-eid,11518334,LESBIAN / GAY RIGHTS LOBBY OF TEXAS CALKIN FUND,d-et,3,Non-Individual,4,29000
dt=1&d-et=3&d-cci=86&d-eid=212753,d-eid,212753,MICH PRIDE PAC,d-et,3,Non-Individual,54,28500
dt=1&d-et=3&d-cci=86&d-eid=18929653,d-eid,18929653,FAIR WISCONSIN,d-et,3,Non-Individual,2,26980
dt=1&d-et=3&d-cci=86&d-eid=8399681,d-eid,8399681,DELAWARE LIBERTY FUND,d-et,3,Non-Individual,117,26700
dt=1&d-et=3&d-cci=86&d-eid=16887216,d-eid,16887216,EQUALITY NC ACTION FUND,d-et,3,Non-Individual,22,26145
dt=1&d-et=3&d-cci=86&d-eid=24155,d-eid,24155,CALIFORNIA MARRIAGE PAC,d-et,3,Non-Individual,2,26000
dt=1&d-et=3&d-cci=86&d-eid=12045,d-eid,12045,FAIRNESS FOR ALL FAMILIES,d-et,3,Non-Individual,1,25000
dt=1&d-et=3&d-cci=86&d-eid=12205,d-eid,12205,FLORIDA RED & BLUE,d-et,3,Non-Individual,1,25000
dt=1&d-et=3&d-cci=86&d-eid=964294,d-eid,964294,LAMBDA LEGAL,d-et,3,Non-Individual,1,25000
dt=1&d-et=3&d-cci=86&d-eid=29317960,d-eid,29317960,LESBIAN POLITICAL ACTION CMTE,d-et,3,Non-Individual,1,25000
dt=1&d-et=3&d-cci=86&d-eid=1494834,d-eid,1494834,PRIDE SOURCE MEDIA GROUP,d-et,3,Non-Individual,4,24995
dt=1&d-et=3&d-cci=86&d-eid=14910,d-eid,14910,PARENTS FAMILIES & FRIENDS OF LESBIANS & GAYS (PFLAG) NATIONAL OFFICE,d-et,3,Non-Individual,2,24150
dt=1&d-et=3&d-cci=86&d-eid=228639,d-eid,228639,CENTRAL VALLEY STONEWALL DEMOCRATIC CLUB,d-et,3,Non-Individual,33,23960
dt=1&d-et=3&d-cci=86&d-eid=11492196,d-eid,11492196,STONEWALL DEMOCRATS OF DALLAS,d-et,3,Non-Individual,45,23104.9
dt=1&d-et=3&d-cci=86&d-eid=8619708,d-eid,8619708,ARIZONA HUMAN RIGHTS FUND,d-et,3,Non-Individual,75,22965.96
dt=1&d-et=3&d-cci=86&d-eid=16736867,d-eid,16736867,EQUALITY PENNSYLVANIA,d-et,3,Non-Individual,14,22944
dt=1&d-et=3&d-cci=86&d-eid=9128133,d-eid,9128133,STONEWALL DEMOCRATIC-FARMER-LABOR PARTY,d-et,3,Non-Individual,24,22920.34
dt=1&d-et=3&d-cci=86&d-eid=3665144,d-eid,3665144,OHIOANS FOR GROWTH & EQUALITY,d-et,3,Non-Individual,1,20000
dt=1&d-et=3&d-cci=86&d-eid=413811,d-eid,413811,DESERT STONEWALL DEMOCRATS,d-et,3,Non-Individual,33,19946.63
dt=1&d-et=3&d-cci=86&d-eid=11432895,d-eid,11432895,STONEWALL DEMOCRATS OF SAN ANTONIO,d-et,3,Non-Individual,49,19741.05
dt=1&d-et=3&d-cci=86&d-eid=9176726,d-eid,9176726,CMTE FOR FAIRNESS & INDIVIDUAL RIGHTS,d-et,3,Non-Individual,43,18325
dt=1&d-et=3&d-cci=86&d-eid=2870196,d-eid,2870196,QLAW,d-et,3,Non-Individual,6,18200
dt=1&d-et=3&d-cci=86&d-eid=9494150,d-eid,9494150,TENNESSEE EQUALITY PROJECT,d-et,3,Non-Individual,2,18200
dt=1&d-et=3&d-cci=86&d-eid=14769,d-eid,14769,ONE IOWA,d-et,3,Non-Individual,4,17609
dt=1&d-et=3&d-cci=86&d-eid=3361324,d-eid,3361324,WASHINGTON WONT DISCRIMINATE,d-et,3,Non-Individual,27,17600
dt=1&d-et=3&d-cci=86&d-eid=11649832,d-eid,11649832,STONEWALL DEMOCRATS OF TARRANT COUNTY,d-et,3,Non-Individual,6,17120
dt=1&d-et=3&d-cci=86&d-eid=9391496,d-eid,9391496,FAIRNESS CAMPAIGN,d-et,3,Non-Individual,3,17000
dt=1&d-et=3&d-cci=86&d-eid=2959253,d-eid,2959253,HUMAN RIGHTS LEAGUE,d-et,3,Non-Individual,15,16996.35
dt=1&d-et=3&d-cci=86&d-eid=9897906,d-eid,9897906,UNITY UTAH,d-et,3,Non-Individual,21,15800
dt=1&d-et=3&d-cci=86&d-eid=29493,d-eid,29493,FLORIDA GLBT DEMOCRATIC CAUCUS,d-et,3,Non-Individual,12,15332.7
dt=1&d-et=3&d-cci=86&d-eid=11680271,d-eid,11680271,STONEWALL DEMOCRATS OF DENTON COUNTY,d-et,3,Non-Individual,18,15195.6
dt=1&d-et=3&d-cci=86&d-eid=8092419,d-eid,8092419,PRIDE INC,d-et,3,Non-Individual,16,15066.72
dt=1&d-et=3&d-cci=86&d-eid=9992237,d-eid,9992237,JOHNSON FAMILY FOUNDATION,d-et,3,Non-Individual,1,15000
dt=1&d-et=3&d-cci=86&d-eid=9376,d-eid,9376,VERMONTERS FOR CIVIL UNIONS,d-et,3,Non-Individual,37,14950
dt=1&d-et=3&d-cci=86&d-eid=6592715,d-eid,6592715,GAYPASG PAC,d-et,3,Non-Individual,27,14476.04
dt=1&d-et=3&d-cci=86&d-eid=12608560,d-eid,12608560,GAY LESBIAN BISEXUAL & TRANSGENDER DEMOCRATS & ALLIES OF JEFFERSON COUNTY GLBT,d-et,3,Non-Individual,27,13900
dt=1&d-et=3&d-cci=86&d-eid=546874,d-eid,546874,TRIANGLE PRIDE PAC,d-et,3,Non-Individual,37,13205
dt=1&d-et=3&d-cci=86&d-eid=6033849,d-eid,6033849,VA PARTISANS,d-et,3,Non-Individual,37,12829.05
dt=1&d-et=3&d-cci=86&d-eid=10046659,d-eid,10046659,MAINE COALITION FOR EQUAL RIGHTS,d-et,3,Non-Individual,4,12550
dt=1&d-et=3&d-cci=86&d-eid=8955801,d-eid,8955801,CIMARRON EQUALITY OKLAHOMA,d-et,3,Non-Individual,5,11800
dt=1&d-et=3&d-cci=86&d-eid=9857740,d-eid,9857740,UTAH STONEWALL DEMOCRATS,d-et,3,Non-Individual,53,11775
dt=1&d-et=3&d-cci=86&d-eid=6160691,d-eid,6160691,GLBT DEMOCRATS & ALLIES OF JEFFERSON COUNTY,d-et,3,Non-Individual,43,11700
dt=1&d-et=3&d-cci=86&d-eid=2875488,d-eid,2875488,EQUALITY OHIO,d-et,3,Non-Individual,18,11474.99
dt=1&d-et=3&d-cci=86&d-eid=11971,d-eid,11971,EQUALITY FEDERATION,d-et,3,Non-Individual,3,11208.86
dt=1&d-et=3&d-cci=86&d-eid=6205316,d-eid,6205316,VIRGINIA LOG CABIN REPUBLICANS OF NOVA,d-et,3,Non-Individual,25,10950
dt=1&d-et=3&d-cci=86&d-eid=3274719,d-eid,3274719,CENTER ADVOCATES,d-et,3,Non-Individual,10,10807.25
dt=1&d-et=3&d-cci=86&d-eid=2596862,d-eid,2596862,STONEWALL DEMOCRATS OF CENTRAL OHIO,d-et,3,Non-Individual,28,10635
dt=1&d-et=3&d-cci=86&d-eid=46133766,d-eid,46133766,LOG CABIN REPUBLICANS OF NEW HAMPSHIRE,d-et,3,Non-Individual,9,10550
dt=1&d-et=3&d-cci=86&d-eid=4943805,d-eid,4943805,CAPITAL REGION STONEWALL DEMOCRATS,d-et,3,Non-Individual,34,10185
dt=1&d-et=3&d-cci=86&d-eid=6030218,d-eid,6030218,PFLAG OF WASHINGTON METROPOLITAN AREA,d-et,3,Non-Individual,2,10120
dt=1&d-et=3&d-cci=86&d-eid=3793467,d-eid,3793467,PRIDEFEST,d-et,3,Non-Individual,1,10000
dt=1&d-et=3&d-cci=86&d-eid=8614597,d-eid,8614597,NO ON PROP 102 CMTE,d-et,3,Non-Individual,1,10000
dt=1&d-et=3&d-cci=86&d-eid=16366921,d-eid,16366921,CAMPAIGN FOR ALL DC FAMILIES,d-et,3,Non-Individual,1,10000
dt=1&d-et=3&d-cci=86&d-eid=560733,d-eid,560733,BAY STATE GAY & LESBIAN DEMOCRATS,d-et,3,Non-Individual,38,9950
dt=1&d-et=3&d-cci=86&d-eid=11827983,d-eid,11827983,STONEWALL DEMOCRATS OF THE RIO GRANDE VALLEY,d-et,3,Non-Individual,15,9550.4
dt=1&d-et=3&d-cci=86&d-eid=579483,d-eid,579483,HARVEY MILK LGBT DEMOCRATIC CLUB,d-et,3,Non-Individual,13,9408.73
dt=1&d-et=3&d-cci=86&d-eid=4607388,d-eid,4607388,STONEWALL DEMOCRATIC CLUB,d-et,3,Non-Individual,28,9200
dt=1&d-et=3&d-cci=86&d-eid=16220,d-eid,16220,STONEWALL DEMOCRATS,d-et,3,Non-Individual,33,9025
dt=1&d-et=3&d-cci=86&d-eid=146803,d-eid,146803,STONEWALL YOUNG DEMOCRATS,d-et,3,Non-Individual,28,8773
dt=1&d-et=3&d-cci=86&d-eid=4343990,d-eid,4343990,CMTE FOR FAIRNESS,d-et,3,Non-Individual,2,8522.5
dt=1&d-et=3&d-cci=86&d-eid=5249218,d-eid,5249218,BASIC RIGHTS OF OREGON PAC,d-et,3,Non-Individual,6,8257
dt=1&d-et=3&d-cci=86&d-eid=9693338,d-eid,9693338,NEW HAMPSHIRE STONEWALL DEMOCRATS,d-et,3,Non-Individual,7,8250
dt=1&d-et=3&d-cci=86&d-eid=9391917,d-eid,9391917,KENTUCKY FAIRNESS ALLIANCE ACTION FUND,d-et,3,Non-Individual,1,8000
dt=1&d-et=3&d-cci=86&d-eid=15898968,d-eid,15898968,PRIDE PROJECT,d-et,3,Non-Individual,1,7900
dt=1&d-et=3&d-cci=86&d-eid=9849949,d-eid,9849949,BWB PROPERTIES,d-et,3,Non-Individual,4,7000
dt=1&d-et=3&d-cci=86&d-eid=6195855,d-eid,6195855,VIRGINIA PARTISAN PAC,d-et,3,Non-Individual,26,6958.45
dt=1&d-et=3&d-cci=86&d-eid=5397269,d-eid,5397269,VICTORY FOUNDATION GAY/LESBIAN VICTORY FUND,d-et,3,Non-Individual,3,6950
dt=1&d-et=3&d-cci=86&d-eid=11948703,d-eid,11948703,GAY & LESBIAN ADVOCATES & DEFENDERS,d-et,3,Non-Individual,1,6897
dt=1&d-et=3&d-cci=86&d-eid=16704582,d-eid,16704582,MARRIAGE EQUALITY USA,d-et,3,Non-Individual,6,6657.81
dt=1&d-et=3&d-cci=86&d-eid=4840856,d-eid,4840856,GLBT FRIENDS OF GOOD GOVERNMENT,d-et,3,Non-Individual,3,6250
dt=1&d-et=3&d-cci=86&d-eid=6573882,d-eid,6573882,SUMMIT COUNTY PFLAG,d-et,3,Non-Individual,2,6204
dt=1&d-et=3&d-cci=86&d-eid=9406330,d-eid,9406330,TEP-PAC,d-et,3,Non-Individual,32,6200
dt=1&d-et=3&d-cci=86&d-eid=824920,d-eid,824920,GAYS & LESBIANS ORGANIZED FOR BETTERMENT & EQUALITY,d-et,3,Non-Individual,3,6100
dt=1&d-et=3&d-cci=86&d-eid=9391054,d-eid,9391054,KENTUCKY FAIRNESS ALLIANCE ACTION,d-et,3,Non-Individual,1,6000
dt=1&d-et=3&d-cci=86&d-eid=8654711,d-eid,8654711,LAGPAC,d-et,3,Non-Individual,5,5700
dt=1&d-et=3&d-cci=86&d-eid=533825,d-eid,533825,PINELLAS STONEWALL PAC,d-et,3,Non-Individual,17,5300
dt=1&d-et=3&d-cci=86&d-eid=3195880,d-eid,3195880,OHIO STONEWALL DEMOCRATS,d-et,3,Non-Individual,2,5300
dt=1&d-et=3&d-cci=86&d-eid=23113,d-eid,23113,STONEWALL DEMOCRATS OF MASSACHUSETTS,d-et,3,Non-Individual,27,5050
dt=1&d-et=3&d-cci=86&d-eid=16324722,d-eid,16324722,MID-COAST FOR MARRIAGE EQUALITY,d-et,3,Non-Individual,1,5042.38
dt=1&d-et=3&d-cci=86&d-eid=965266,d-eid,965266,GAYS & LESBIANS ORGANIZED FOR BETTERMENT & EQUALITY (GLOBE) OF SOUTHERN ALAMEDA COUNTY,d-et,3,Non-Individual,1,5000
dt=1&d-et=3&d-cci=86&d-eid=3665810,d-eid,3665810,THE CENTER,d-et,3,Non-Individual,1,5000
dt=1&d-et=3&d-cci=86&d-eid=9996946,d-eid,9996946,CALIFORNIANS FOR FAIRNESS,d-et,3,Non-Individual,3,5000
dt=1&d-et=3&d-cci=86&d-eid=16326991,d-eid,16326991,NATIONAL GAY & LESBIAN TASK FORCE ACTION FUND,d-et,3,Non-Individual,1,5000
dt=1&d-et=3&d-cci=86&d-eid=9600706,d-eid,9600706,STONEWALL DEMOCRATIC CAUCUS OF ARKANSAS,d-et,3,Non-Individual,8,4970
dt=1&d-et=3&d-cci=86&d-eid=10047356,d-eid,10047356,ME WONT DISCRIMINATE,d-et,3,Non-Individual,17,4850
dt=1&d-et=3&d-cci=86&d-eid=13736270,d-eid,13736270,WASHINGTON UNITED FOR MARRIAGE,d-et,3,Non-Individual,3,4850
dt=1&d-et=3&d-cci=86&d-eid=2864627,d-eid,2864627,SEATTLE GAY NEWS,d-et,3,Non-Individual,7,4805
dt=1&d-et=3&d-cci=86&d-eid=6892141,d-eid,6892141,ATLANTA STONEWALL DEMOCRATS,d-et,3,Non-Individual,15,4775
dt=1&d-et=3&d-cci=86&d-eid=6028719,d-eid,6028719,GLC FOR FAIRNESS,d-et,3,Non-Individual,3,4605
dt=1&d-et=3&d-cci=86&d-eid=8739928,d-eid,8739928,ARIZONA STONEWALL DEMOCRATS,d-et,3,Non-Individual,4,4550
dt=1&d-et=3&d-cci=86&d-eid=9701208,d-eid,9701208,EQUALITY NEW HAMPSHIRE,d-et,3,Non-Individual,6,4500
dt=1&d-et=3&d-cci=86&d-eid=9929276,d-eid,9929276,NO ON 1 PROTECT MAINE EQUALITY,d-et,3,Non-Individual,2,4414
dt=1&d-et=3&d-cci=86&d-eid=6148382,d-eid,6148382,EQUAL RIGHTS ACTION,d-et,3,Non-Individual,8,4300
dt=1&d-et=3&d-cci=86&d-eid=6067460,d-eid,6067460,LOG CABIN REPUBLICANS OF VIRGINIA,d-et,3,Non-Individual,12,4250
dt=1&d-et=3&d-cci=86&d-eid=11693487,d-eid,11693487,TARRANT COUNTY STONEWALL DEMOCRATS,d-et,3,Non-Individual,2,4250
dt=1&d-et=3&d-cci=86&d-eid=11518002,d-eid,11518002,HOUSTON EQUAL RIGHTS ALLIANCE / HERA,d-et,3,Non-Individual,2,4157
dt=1&d-et=3&d-cci=86&d-eid=9707422,d-eid,9707422,STONEWALL DEMOCRATIC CLUB OF ARKANSAS,d-et,3,Non-Individual,7,4100
dt=1&d-et=3&d-cci=86&d-eid=4740041,d-eid,4740041,STONEWALL DEMOCRATS OF CENTRAL MARYLAND,d-et,3,Non-Individual,15,4067.27
dt=1&d-et=3&d-cci=86&d-eid=8606892,d-eid,8606892,OKLAHOMA STONEWALL DEMOCRATS,d-et,3,Non-Individual,12,4049.99
dt=1&d-et=3&d-cci=86&d-eid=772625,d-eid,772625,STONEWALL DEMOCRATIC CLUB,d-et,3,Non-Individual,11,4040
dt=1&d-et=3&d-cci=86&d-eid=10021186,d-eid,10021186,MID-COAST WONT DISCRIMINATE,d-et,3,Non-Individual,2,4000
dt=1&d-et=3&d-cci=86&d-eid=17000430,d-eid,17000430,STONEWALL DEMOCRATIC CAUCUS,d-et,3,Non-Individual,7,3850
dt=1&d-et=3&d-cci=86&d-eid=125014,d-eid,125014,LANSING ASSOCIATION FOR HUMAN RIGHTS,d-et,3,Non-Individual,13,3778
dt=1&d-et=3&d-cci=86&d-eid=4882436,d-eid,4882436,GAY & LESBIAN INDEPENDENT DEMOCRATS,d-et,3,Non-Individual,13,3750
dt=1&d-et=3&d-cci=86&d-eid=1279277,d-eid,1279277,BAY STATE STONEWALL DEMOCRATS,d-et,3,Non-Individual,19,3575
dt=1&d-et=3&d-cci=86&d-eid=8740398,d-eid,8740398,CENTRAL OKLAHOMA STONEWALL DEMOCRATS,d-et,3,Non-Individual,10,3570
dt=1&d-et=3&d-cci=86&d-eid=4589862,d-eid,4589862,NASSAU COUNTY LESBIAN & GAY DEMOCRATS,d-et,3,Non-Individual,21,3525
dt=1&d-et=3&d-cci=86&d-eid=7917423,d-eid,7917423,FAMILIES FOR A BETTER IDAHO,d-et,3,Non-Individual,7,3500
dt=1&d-et=3&d-cci=86&d-eid=16884701,d-eid,16884701,VICTORY FUND PAC,d-et,3,Non-Individual,1,3500
dt=1&d-et=3&d-cci=86&d-eid=6122581,d-eid,6122581,RAINBOW EQUALITY,d-et,3,Non-Individual,15,3475
dt=1&d-et=3&d-cci=86&d-eid=308762,d-eid,308762,GAYS & LESBIANS ORGANIZED FOR BETTERMENT & EQUALITY / GLOBE,d-et,3,Non-Individual,4,3450
dt=1&d-et=3&d-cci=86&d-eid=4841563,d-eid,4841563,GLID,d-et,3,Non-Individual,13,3400
dt=1&d-et=3&d-cci=86&d-eid=9770897,d-eid,9770897,STONEWALL DEMOCRATS OF ARKANSAS,d-et,3,Non-Individual,26,3235
dt=1&d-et=3&d-cci=86&d-eid=2177531,d-eid,2177531,STONEWALL DEMOCRATIC CLUB - ISSUES & ADVOCACY CMTE,d-et,3,Non-Individual,1,3200
dt=1&d-et=3&d-cci=86&d-eid=1494350,d-eid,1494350,COALITION FOR ADOPTION RIGHTS EQUALITY,d-et,3,Non-Individual,2,3000
dt=1&d-et=3&d-cci=86&d-eid=7966465,d-eid,7966465,PFLAG TREASURE VALLEY,d-et,3,Non-Individual,2,3000
dt=1&d-et=3&d-cci=86&d-eid=6573881,d-eid,6573881,BOULDER PRIDE,d-et,3,Non-Individual,1,2655
dt=1&d-et=3&d-cci=86&d-eid=3407590,d-eid,3407590,LOG CABIN REPUBLICANS OF NW OHIO,d-et,3,Non-Individual,1,2600
dt=1&d-et=3&d-cci=86&d-eid=5329155,d-eid,5329155,BASIC RIGHTS OF OR ELECT PAC 3087,d-et,3,Non-Individual,5,2564
dt=1&d-et=3&d-cci=86&d-eid=4811801,d-eid,4811801,LOG CABIN REPUBLICANS HUDSON VALLEY,d-et,3,Non-Individual,7,2520
dt=1&d-et=3&d-cci=86&d-eid=1661497,d-eid,1661497,LAMBDA DEMOCRATS OF KEY WEST,d-et,3,Non-Individual,3,2510
dt=1&d-et=3&d-cci=86&d-eid=5323430,d-eid,5323430,BASIC RIGHTS OF OREGON ELECT PAC 3087,d-et,3,Non-Individual,13,2503
dt=1&d-et=3&d-cci=86&d-eid=1048299,d-eid,1048299,NATIONAL STONEWALL DEMOCRATS,d-et,3,Non-Individual,1,2500
dt=1&d-et=3&d-cci=86&d-eid=5827472,d-eid,5827472,LOG CABIN REPUBLICAN CLUB OF VIRGINIA,d-et,3,Non-Individual,10,2500
dt=1&d-et=3&d-cci=86&d-eid=1131820,d-eid,1131820,GATEWAY STONEWALL DEMOCRATS,d-et,3,Non-Individual,7,2280
dt=1&d-et=3&d-cci=86&d-eid=4374755,d-eid,4374755,LESBIAN COMMUNITY PROJECT OF MID-MISSOURI,d-et,3,Non-Individual,1,2187
dt=1&d-et=3&d-cci=86&d-eid=132591,d-eid,132591,LONG BEACH LAMBDA DEMOCRATIC CLUB,d-et,3,Non-Individual,1,2000
dt=1&d-et=3&d-cci=86&d-eid=7624259,d-eid,7624259,NATIONAL RAINBOW COALITION,d-et,3,Non-Individual,1,2000
dt=1&d-et=3&d-cci=86&d-eid=7629388,d-eid,7629388,GEORGIA STONEWALL DEMOCRATS,d-et,3,Non-Individual,1,2000
dt=1&d-et=3&d-cci=86&d-eid=6573872,d-eid,6573872,PFLAG BOULDER,d-et,3,Non-Individual,1,1852
dt=1&d-et=3&d-cci=86&d-eid=8929479,d-eid,8929479,FLINT HILLS PFLAG,d-et,3,Non-Individual,1,1830
dt=1&d-et=3&d-cci=86&d-eid=537978,d-eid,537978,BROWARD LOG CABIN CLUB,d-et,3,Non-Individual,11,1825
dt=1&d-et=3&d-cci=86&d-eid=16354119,d-eid,16354119,MARYLAND FOR ALL FAMILIES,d-et,3,Non-Individual,2,1787.5
dt=1&d-et=3&d-cci=86&d-eid=5588545,d-eid,5588545,GAY & LESBIAN VOTERS PAC,d-et,3,Non-Individual,9,1750
dt=1&d-et=3&d-cci=86&d-eid=7519171,d-eid,7519171,RAINBOW ALLIANCE,d-et,3,Non-Individual,4,1750
dt=1&d-et=3&d-cci=86&d-eid=8425554,d-eid,8425554,EQUALITY ARIZONA,d-et,3,Non-Individual,3,1660
dt=1&d-et=3&d-cci=86&d-eid=5191234,d-eid,5191234,LOG CABIN REPUBLICAN CLUB OF PENNSYLVANIA,d-et,3,Non-Individual,6,1600
dt=1&d-et=3&d-cci=86&d-eid=15917448,d-eid,15917448,KANSAS DEMOCRATIC CAUCUS LGBT,d-et,3,Non-Individual,4,1600
dt=1&d-et=3&d-cci=86&d-eid=1132222,d-eid,1132222,GAY & LESBIAN COMMUNITY SERVICES CENTER OF ORANGE COUNTY,d-et,3,Non-Individual,1,1548
dt=1&d-et=3&d-cci=86&d-eid=302842,d-eid,302842,MONTCALM COUNTY REPUBLICANS,d-et,3,Non-Individual,3,1500
dt=1&d-et=3&d-cci=86&d-eid=2505281,d-eid,2505281,AMERICAN AIDS,d-et,3,Non-Individual,2,1500
dt=1&d-et=3&d-cci=86&d-eid=4511074,d-eid,4511074,STONEWALL DEMOCRATIC CLUB OF NEW YORK CITY,d-et,3,Non-Individual,2,1500
dt=1&d-et=3&d-cci=86&d-eid=6723575,d-eid,6723575,GAY PASG PAC,d-et,3,Non-Individual,3,1500
dt=1&d-et=3&d-cci=86&d-eid=9979125,d-eid,9979125,RAINBOW BUSINESS & PROFESSIONAL ASSOCIATION,d-et,3,Non-Individual,1,1500
dt=1&d-et=3&d-cci=86&d-eid=11251661,d-eid,11251661,GAY OREGON LESBIAN DOLLARS PAC,d-et,3,Non-Individual,2,1500
dt=1&d-et=3&d-cci=86&d-eid=4958837,d-eid,4958837,GAY & LESBIAN DEMOCRATS OF SUFFOLK COUNTY,d-et,3,Non-Individual,5,1475
dt=1&d-et=3&d-cci=86&d-eid=4854506,d-eid,4854506,LESBIAN & GAY DEMOCRATIC CLUB OF QUEENS,d-et,3,Non-Individual,8,1468
dt=1&d-et=3&d-cci=86&d-eid=7618796,d-eid,7618796,LOVE MAKES A FAMILY PAC,d-et,3,Non-Individual,3,1450
dt=1&d-et=3&d-cci=86&d-eid=1167896,d-eid,1167896,INLAND EMPIRE LESBIAN & GAY DEMOCRATIC CLUB,d-et,3,Non-Individual,5,1350
dt=1&d-et=3&d-cci=86&d-eid=6030019,d-eid,6030019,THOMAS JEFFERSON MEMORIAL UUC GAY/STRAIGHT ALLIANCE,d-et,3,Non-Individual,2,1332.5
dt=1&d-et=3&d-cci=86&d-eid=3511452,d-eid,3511452,LOG CABIN REPUBLICANS OF WISCONSIN,d-et,3,Non-Individual,3,1300
dt=1&d-et=3&d-cci=86&d-eid=5163704,d-eid,5163704,BALTIMORE OUTLOUD,d-et,3,Non-Individual,3,1300
dt=1&d-et=3&d-cci=86&d-eid=3058692,d-eid,3058692,HUMAN RIGHTS CAMPAIGN OHIO FAMILIES PAC,d-et,3,Non-Individual,1,1242.08
dt=1&d-et=3&d-cci=86&d-eid=5225752,d-eid,5225752,GAY & LESBIAN INDEPENDENT DEMOCRATS / GLID,d-et,3,Non-Individual,5,1200
dt=1&d-et=3&d-cci=86&d-eid=9496564,d-eid,9496564,COMM FOR FAIRNESS & INDIVIDUAL RIGHTS,d-et,3,Non-Individual,5,1200
dt=1&d-et=3&d-cci=86&d-eid=4237902,d-eid,4237902,EQUALITY WA PAC,d-et,3,Non-Individual,5,1185
dt=1&d-et=3&d-cci=86&d-eid=8290569,d-eid,8290569,CHARLESTON SOCIAL CLUB,d-et,3,Non-Individual,1,1172.25
dt=1&d-et=3&d-cci=86&d-eid=276242,d-eid,276242,PRIDE PAC,d-et,3,Non-Individual,2,1150
dt=1&d-et=3&d-cci=86&d-eid=3708053,d-eid,3708053,ST LOUIS STONEWALL DEMOCRATS,d-et,3,Non-Individual,6,1140
dt=1&d-et=3&d-cci=86&d-eid=5755359,d-eid,5755359,VIRGINIA PARTISANS GAY & LESBIAN PAC,d-et,3,Non-Individual,2,1125
dt=1&d-et=3&d-cci=86&d-eid=6029483,d-eid,6029483,EQUALITY VIRGINIA EDUCATION FOUNDATION,d-et,3,Non-Individual,1,1125
dt=1&d-et=3&d-cci=86&d-eid=4223989,d-eid,4223989,HANDS OFF WA,d-et,3,Non-Individual,5,1110
dt=1&d-et=3&d-cci=86&d-eid=3793103,d-eid,3793103,PFLAG MADISON,d-et,3,Non-Individual,3,1100
dt=1&d-et=3&d-cci=86&d-eid=4560956,d-eid,4560956,STONEWALL DEMOCRATS OF WESTCHESTER,d-et,3,Non-Individual,1,1069.07
dt=1&d-et=3&d-cci=86&d-eid=3665796,d-eid,3665796,OUTLOOK MEDIA,d-et,3,Non-Individual,2,1048
dt=1&d-et=3&d-cci=86&d-eid=1494754,d-eid,1494754,PFLAG DETROIT,d-et,3,Non-Individual,1,1000
dt=1&d-et=3&d-cci=86&d-eid=3665590,d-eid,3665590,LEAGUE@NCR,d-et,3,Non-Individual,1,1000
dt=1&d-et=3&d-cci=86&d-eid=3815430,d-eid,3815430,PFLAG FOX CITIES,d-et,3,Non-Individual,1,1000
dt=1&d-et=3&d-cci=86&d-eid=5213412,d-eid,5213412,OREGON GAY & LESBIAN LAW ASSOCIATION,d-et,3,Non-Individual,2,1000
dt=1&d-et=3&d-cci=86&d-eid=5877019,d-eid,5877019,PRIDE OF PHILADELPHIA ELECTION COMM,d-et,3,Non-Individual,4,1000
dt=1&d-et=3&d-cci=86&d-eid=6571332,d-eid,6571332,COLORADO STONEWALL DEMOCRATS,d-et,3,Non-Individual,1,1000
dt=1&d-et=3&d-cci=86&d-eid=7384829,d-eid,7384829,INDIANA STONEWELL DEMOCRATS,d-et,3,Non-Individual,1,1000
dt=1&d-et=3&d-cci=86&d-eid=8659047,d-eid,8659047,MIDWEST BISEXUAL LESBIAN GAY TRANSGENDER & ALLY COLLEGE CONFERENCE,d-et,3,Non-Individual,2,1000
dt=1&d-et=3&d-cci=86&d-eid=8808723,d-eid,8808723,KANSAS EQUALITY COALITION,d-et,3,Non-Individual,2,1000
dt=1&d-et=3&d-cci=86&d-eid=9861954,d-eid,9861954,STONE WALL DEMOCRATES,d-et,3,Non-Individual,1,1000
dt=1&d-et=3&d-cci=86&d-eid=9993606,d-eid,9993606,LOG CABIN REPUBLICAN PAC FREEDOM & UNITY CMTE/LCR PAC,d-et,3,Non-Individual,5,1000
dt=1&d-et=3&d-cci=86&d-eid=10243819,d-eid,10243819,LOG CABIN REPUBLICANS AGAINST 8,d-et,3,Non-Individual,1,1000
dt=1&d-et=3&d-cci=86&d-eid=11519016,d-eid,11519016,HUMAN RIGHTS CAMPAIGN DALLAS/FORT WORTH,d-et,3,Non-Individual,1,1000
dt=1&d-et=3&d-cci=86&d-eid=11858832,d-eid,11858832,STONEWALL DEMOCRATS OF BEXAR COUNTY,d-et,3,Non-Individual,2,1000
dt=1&d-et=3&d-cci=86&d-eid=16639272,d-eid,16639272,OK GLBT PAC,d-et,3,Non-Individual,1,1000
dt=1&d-et=3&d-cci=86&d-eid=1017550,d-eid,1017550,STONEWALL DEMOCRATS OF SOUTHWEST FLORIDA,d-et,3,Non-Individual,5,950
dt=1&d-et=3&d-cci=86&d-eid=6978709,d-eid,6978709,PAKISTANI AMERICAN COMMUNITY OF ATLANTA,d-et,3,Non-Individual,2,950
dt=1&d-et=3&d-cci=86&d-eid=4564802,d-eid,4564802,STONEWALL DEMOCRATS OF WNY,d-et,3,Non-Individual,7,900
dt=1&d-et=3&d-cci=86&d-eid=16869506,d-eid,16869506,DELAWARE RIGHT TO MARRY PAC,d-et,3,Non-Individual,2,900
dt=1&d-et=3&d-cci=86&d-eid=16869732,d-eid,16869732,DE RIGHT TO MARRY PAC,d-et,3,Non-Individual,3,900
dt=1&d-et=3&d-cci=86&d-eid=5397264,d-eid,5397264,VICTORY FOUNDATION GAY/LESBIAN VICTORY FUND,d-et,3,Non-Individual,1,875.79
dt=1&d-et=3&d-cci=86&d-eid=1170523,d-eid,1170523,STONEWALL DEMOCRATIC CLUB ISSUES & ADVOCACY CMTE,d-et,3,Non-Individual,4,852.68
dt=1&d-et=3&d-cci=86&d-eid=9898324,d-eid,9898324,UTAH LOG CABIN REPUBLICANS,d-et,3,Non-Individual,2,850
dt=1&d-et=3&d-cci=86&d-eid=2813251,d-eid,2813251,PROGRESS PRINTING CORPORATION,d-et,3,Non-Individual,3,825
dt=1&d-et=3&d-cci=86&d-eid=4374016,d-eid,4374016,ST LOUIS NETWORK LLC,d-et,3,Non-Individual,1,805
dt=1&d-et=3&d-cci=86&d-eid=7942533,d-eid,7942533,SOUTH CAROLINA STONEWALL DEMOCRATS,d-et,3,Non-Individual,1,800
dt=1&d-et=3&d-cci=86&d-eid=9980198,d-eid,9980198,NATIONAL LOG CABIN REPUBLICANS,d-et,3,Non-Individual,2,800
dt=1&d-et=3&d-cci=86&d-eid=1461852,d-eid,1461852,BAY STATE GAY & LESBIAN DEMOCRATS PAC,d-et,3,Non-Individual,3,750
dt=1&d-et=3&d-cci=86&d-eid=16523383,d-eid,16523383,WILLIAM & MARY GAY LESBIAN ALUMNI,d-et,3,Non-Individual,1,750
dt=1&d-et=3&d-cci=86&d-eid=5835588,d-eid,5835588,GLID A K A G & L INDEPENDENT DEMOCRATS,d-et,3,Non-Individual,3,700
dt=1&d-et=3&d-cci=86&d-eid=8659142,d-eid,8659142,BLACK HILLS AREA GAY & LESBIAN ASSOCIATION,d-et,3,Non-Individual,2,688
dt=1&d-et=3&d-cci=86&d-eid=7596950,d-eid,7596950,KANAWHA STONEWALL DEMOCRATS,d-et,3,Non-Individual,1,650
dt=1&d-et=3&d-cci=86&d-eid=11245202,d-eid,11245202,REPUBLICAN LIBERTY,d-et,3,Non-Individual,3,650
dt=1&d-et=3&d-cci=86&d-eid=15921697,d-eid,15921697,STONEWALL DEMOCRATS OF CENTRAL MARYLAND,d-et,3,Non-Individual,1,642.27
dt=1&d-et=3&d-cci=86&d-eid=16127656,d-eid,16127656,STONEWALL DEMOCRATS OF CENTRAL MARYLAND,d-et,3,Non-Individual,1,642.27
dt=1&d-et=3&d-cci=86&d-eid=6572532,d-eid,6572532,PFLAG DENVER,d-et,3,Non-Individual,1,639.04
dt=1&d-et=3&d-cci=86&d-eid=1502205,d-eid,1502205,STONEWALL DEMOCRATS OF PINELLAS,d-et,3,Non-Individual,3,617
dt=1&d-et=3&d-cci=86&d-eid=5215427,d-eid,5215427,TECHNO DYKE,d-et,3,Non-Individual,1,600
dt=1&d-et=3&d-cci=86&d-eid=9993878,d-eid,9993878,STANDING TOGETHER & RECLAIMING THE STATE/STARS,d-et,3,Non-Individual,3,577
dt=1&d-et=3&d-cci=86&d-eid=4003877,d-eid,4003877,KANSAS CITY PRIDE DEMOCRATIC CLUB,d-et,3,Non-Individual,2,575
dt=1&d-et=3&d-cci=86&d-eid=6860571,d-eid,6860571,GAY LESBIAN & BISEXUAL COMMUNITY,d-et,3,Non-Individual,2,561
dt=1&d-et=3&d-cci=86&d-eid=1494718,d-eid,1494718,PFLAG GENESEE COUNTY,d-et,3,Non-Individual,2,550
dt=1&d-et=3&d-cci=86&d-eid=8769938,d-eid,8769938,KANSAS DEMOCRATIC LBGT CAUCUS,d-et,3,Non-Individual,3,550
dt=1&d-et=3&d-cci=86&d-eid=8709376,d-eid,8709376,STONEWALL DEMOCRATS OF ARIZONA,d-et,3,Non-Individual,2,540
dt=1&d-et=3&d-cci=86&d-eid=229386,d-eid,229386,G V STONEWALL DEMOCRATIC CLUB,d-et,3,Non-Individual,1,500
dt=1&d-et=3&d-cci=86&d-eid=782680,d-eid,782680,ALICE B TOKLAS LESBIAN GAY DEMOCRATIC CLUB,d-et,3,Non-Individual,1,500
dt=1&d-et=3&d-cci=86&d-eid=1496461,d-eid,1496461,PFLAG LANSING,d-et,3,Non-Individual,1,500
dt=1&d-et=3&d-cci=86&d-eid=1518733,d-eid,1518733,LAMDA DEMOCRATS OF KEY WEST,d-et,3,Non-Individual,1,500
dt=1&d-et=3&d-cci=86&d-eid=1948683,d-eid,1948683,LOG CABIN REPUBLICANS OF TAMPA BAY,d-et,3,Non-Individual,1,500
dt=1&d-et=3&d-cci=86&d-eid=2096438,d-eid,2096438,WILLIAM BRYAN STRYKER ELECCONTRACTING INC,d-et,3,Non-Individual,1,500
dt=1&d-et=3&d-cci=86&d-eid=3473315,d-eid,3473315,LEGAL MARRIAGE ALLIANCE,d-et,3,Non-Individual,1,500
dt=1&d-et=3&d-cci=86&d-eid=3903298,d-eid,3903298,HARVEY MUGGY LESBIAN/GAY DEMOCRATS,d-et,3,Non-Individual,10,500
dt=1&d-et=3&d-cci=86&d-eid=4502832,d-eid,4502832,PRIVACY FUND,d-et,3,Non-Individual,1,500
dt=1&d-et=3&d-cci=86&d-eid=5211941,d-eid,5211941,PFLAG-EUGENE/SPRINGFIELD,d-et,3,Non-Individual,1,500
dt=1&d-et=3&d-cci=86&d-eid=5784767,d-eid,5784767,EAST END GAY ORG/EEGO,d-et,3,Non-Individual,2,500
dt=1&d-et=3&d-cci=86&d-eid=5872678,d-eid,5872678,NEW YORK STATE LOG CABIN REPUBLICANS,d-et,3,Non-Individual,1,500
dt=1&d-et=3&d-cci=86&d-eid=5914791,d-eid,5914791,EQUALITY VIRGINIA,d-et,3,Non-Individual,1,500
dt=1&d-et=3&d-cci=86&d-eid=6576014,d-eid,6576014,COLORADO GAY & LESBIAN ASSOCIATION,d-et,3,Non-Individual,1,500
dt=1&d-et=3&d-cci=86&d-eid=6648051,d-eid,6648051,NORTH CAROLINA EQUALITY,d-et,3,Non-Individual,1,500
dt=1&d-et=3&d-cci=86&d-eid=6778608,d-eid,6778608,GAY & LESBIAN POLITICAL ACTION & SUPPORT GROUP/GAYPASG,d-et,3,Non-Individual,1,500
dt=1&d-et=3&d-cci=86&d-eid=7240764,d-eid,7240764,INDIANA STONEWALL DEMOCRAT,d-et,3,Non-Individual,1,500
dt=1&d-et=3&d-cci=86&d-eid=8503338,d-eid,8503338,DELAWARE LIBERTY FUNDS,d-et,3,Non-Individual,2,500
dt=1&d-et=3&d-cci=86&d-eid=8683422,d-eid,8683422,LOUISIANA LESBIAN & GAY PAC LAGPAC,d-et,3,Non-Individual,1,500
dt=1&d-et=3&d-cci=86&d-eid=8705870,d-eid,8705870,ARIZONA TOGETHER,d-et,3,Non-Individual,1,500
dt=1&d-et=3&d-cci=86&d-eid=8929486,d-eid,8929486,KANSANS FOR FAIRNESS,d-et,3,Non-Individual,1,500
dt=1&d-et=3&d-cci=86&d-eid=9063404,d-eid,9063404,EQUALITY NEW MEXICO,d-et,3,Non-Individual,1,500
dt=1&d-et=3&d-cci=86&d-eid=9961521,d-eid,9961521,FAMILY EQUALITY,d-et,3,Non-Individual,1,500
dt=1&d-et=3&d-cci=86&d-eid=10003321,d-eid,10003321,MAINE WONT DISCRIMINATE,d-et,3,Non-Individual,1,500
dt=1&d-et=3&d-cci=86&d-eid=11517537,d-eid,11517537,STONEWALL DEMOCRATS OF AUSTIN,d-et,3,Non-Individual,1,500
dt=1&d-et=3&d-cci=86&d-eid=11518531,d-eid,11518531,AUSTIN GAY & LESBIAN INTERNATIONAL FILM FESTIVAL,d-et,3,Non-Individual,1,500
dt=1&d-et=3&d-cci=86&d-eid=16326362,d-eid,16326362,LOG CABIN REPUBLICANS OF MAIMI DADE,d-et,3,Non-Individual,4,500
dt=1&d-et=3&d-cci=86&d-eid=17001001,d-eid,17001001,SDC OF AR,d-et,3,Non-Individual,1,500
dt=1&d-et=3&d-cci=86&d-eid=8092427,d-eid,8092427,WESTERN MONTANA GAY & LESBIAN COMMUNITY,d-et,3,Non-Individual,3,497.5
dt=1&d-et=3&d-cci=86&d-eid=11519622,d-eid,11519622,PFLAG/DENTON COUNTY,d-et,3,Non-Individual,1,488
dt=1&d-et=3&d-cci=86&d-eid=2607800,d-eid,2607800,WASHINGTON STATE STONEWALL DEMOCRATS,d-et,3,Non-Individual,5,480
dt=1&d-et=3&d-cci=86&d-eid=1387650,d-eid,1387650,RAINBOW DEMOCRATIC CLUB,d-et,3,Non-Individual,4,475
dt=1&d-et=3&d-cci=86&d-eid=5212004,d-eid,5212004,PRIDE DAY CMTE,d-et,3,Non-Individual,1,450
dt=1&d-et=3&d-cci=86&d-eid=8678645,d-eid,8678645,SOUTHERN ARIZONA STONEWALL DEMOCRATS,d-et,3,Non-Individual,2,445
dt=1&d-et=3&d-cci=86&d-eid=1948906,d-eid,1948906,LOG CABIN REPUBLICANS PARTY OF BROWARD COUNTY,d-et,3,Non-Individual,1,442
dt=1&d-et=3&d-cci=86&d-eid=6011424,d-eid,6011424,HOUR OF POWER,d-et,3,Non-Individual,4,400
dt=1&d-et=3&d-cci=86&d-eid=6031750,d-eid,6031750,EQUALITY FAIRFAX,d-et,3,Non-Individual,1,400
dt=1&d-et=3&d-cci=86&d-eid=6316251,d-eid,6316251,JEFFCOUNTY DEMOCRATS GLBT CAUCUS,d-et,3,Non-Individual,1,400
dt=1&d-et=3&d-cci=86&d-eid=6375911,d-eid,6375911,VIRGINIA PARTISAN GAY & LESBIAN DEMO,d-et,3,Non-Individual,2,400
dt=1&d-et=3&d-cci=86&d-eid=172165,d-eid,172165,ALICE B TOKLAS LGBT DEMOCRATIC CLUB PAC,d-et,3,Non-Individual,1,396
dt=1&d-et=3&d-cci=86&d-eid=1494325,d-eid,1494325,PRIDE SOURCE MEDIA,d-et,3,Non-Individual,2,379
dt=1&d-et=3&d-cci=86&d-eid=8617698,d-eid,8617698,WINGSPAN,d-et,3,Non-Individual,1,375
dt=1&d-et=3&d-cci=86&d-eid=9392126,d-eid,9392126,ASTRAEA FOUNDATION,d-et,3,Non-Individual,1,350
dt=1&d-et=3&d-cci=86&d-eid=1495559,d-eid,1495559,TRIANGLE FOUNDATION,d-et,3,Non-Individual,2,335
dt=1&d-et=3&d-cci=86&d-eid=8290500,d-eid,8290500,CSRA RAINBOW ALLIANCE,d-et,3,Non-Individual,2,302
dt=1&d-et=3&d-cci=86&d-eid=942850,d-eid,942850,PFLAG DOWNRIVER,d-et,3,Non-Individual,2,300
dt=1&d-et=3&d-cci=86&d-eid=1495615,d-eid,1495615,WASHTENAW RAINBOW ACTION PROJECT,d-et,3,Non-Individual,1,300
dt=1&d-et=3&d-cci=86&d-eid=7600083,d-eid,7600083,GEORGIA LOG CABIN REPUBLICANS,d-et,3,Non-Individual,2,300
dt=1&d-et=3&d-cci=86&d-eid=7875309,d-eid,7875309,LOVE MAKES A FAMILY PAC,d-et,3,Non-Individual,1,300
dt=1&d-et=3&d-cci=86&d-eid=9568225,d-eid,9568225,MARRIAGE EQUALITY RHODE ISLAND,d-et,3,Non-Individual,4,300
dt=1&d-et=3&d-cci=86&d-eid=5217334,d-eid,5217334,PARENTS FAMILIES FRIENDS OF LESBIANS & GAYS/PFLAG,d-et,3,Non-Individual,4,290
dt=1&d-et=3&d-cci=86&d-eid=693672,d-eid,693672,LAKE COUNTY STONEWALL DEMOCRATIC CLUB,d-et,3,Non-Individual,1,281
dt=1&d-et=3&d-cci=86&d-eid=615522,d-eid,615522,GAY & LESBIAN LABOR ACTIVIST PAC,d-et,3,Non-Individual,3,275
dt=1&d-et=3&d-cci=86&d-eid=5212939,d-eid,5212939,LGBT POLITICAL CAUCUS OF SO OREGON,d-et,3,Non-Individual,1,260
dt=1&d-et=3&d-cci=86&d-eid=592665,d-eid,592665,STONEWALL DEMOCRATS SAUGATUCK,d-et,3,Non-Individual,1,250
dt=1&d-et=3&d-cci=86&d-eid=822214,d-eid,822214,BSG&L DEMOCRATS PAC INC,d-et,3,Non-Individual,1,250
dt=1&d-et=3&d-cci=86&d-eid=1026169,d-eid,1026169,STONEWALL DEMOCRATIC CMTE,d-et,3,Non-Individual,1,250
dt=1&d-et=3&d-cci=86&d-eid=1077696,d-eid,1077696,STONEWALL DEMOCRATES,d-et,3,Non-Individual,1,250
dt=1&d-et=3&d-cci=86&d-eid=1579264,d-eid,1579264,LOG CABIN CLUB OF EASTERN MASSACHUSETTS,d-et,3,Non-Individual,1,250
dt=1&d-et=3&d-cci=86&d-eid=1587086,d-eid,1587086,STONEWALL DEMOCRATIC CLUB 1247892,d-et,3,Non-Individual,1,250
dt=1&d-et=3&d-cci=86&d-eid=1949399,d-eid,1949399,GAY & LESBIAN DEMOCRATS PAC,d-et,3,Non-Individual,1,250
dt=1&d-et=3&d-cci=86&d-eid=1965472,d-eid,1965472,MI PRIDE PAC,d-et,3,Non-Individual,1,250
dt=1&d-et=3&d-cci=86&d-eid=4252043,d-eid,4252043,PRIVACY FUND/HANDS OFF WA,d-et,3,Non-Individual,1,250
dt=1&d-et=3&d-cci=86&d-eid=4976379,d-eid,4976379,STONEWALL DEMOCRATICS OF WNY,d-et,3,Non-Individual,1,250
dt=1&d-et=3&d-cci=86&d-eid=5577527,d-eid,5577527,GAY & LESBIAN INDEPENDENT DEMOCRATS/GLID,d-et,3,Non-Individual,1,250
dt=1&d-et=3&d-cci=86&d-eid=5939646,d-eid,5939646,PRIDE OF PHILADELPHIA ELECTION COMM,d-et,3,Non-Individual,1,250
dt=1&d-et=3&d-cci=86&d-eid=5950383,d-eid,5950383,PRIDE OF PHILADELPHIA ELECTION COMM,d-et,3,Non-Individual,1,250
dt=1&d-et=3&d-cci=86&d-eid=6029419,d-eid,6029419,THE GAY & LESBIAN ACTIVIST,d-et,3,Non-Individual,1,250
dt=1&d-et=3&d-cci=86&d-eid=6572128,d-eid,6572128,PFLAG DILLON SUMMIT COUNTY,d-et,3,Non-Individual,1,250
dt=1&d-et=3&d-cci=86&d-eid=8929474,d-eid,8929474,CITIZENS FOR FAIRNESS,d-et,3,Non-Individual,1,250
dt=1&d-et=3&d-cci=86&d-eid=9323096,d-eid,9323096,NM LESBIAN &GAY POLITICAL ALLIANCE,d-et,3,Non-Individual,1,250
dt=1&d-et=3&d-cci=86&d-eid=10057224,d-eid,10057224,ME WONT DISCRIMINATE,d-et,3,Non-Individual,1,250
dt=1&d-et=3&d-cci=86&d-eid=16519316,d-eid,16519316,STONEWALL DEMOCRATS OFTHERIO GRANDE VALLEY,d-et,3,Non-Individual,1,250
dt=1&d-et=3&d-cci=86&d-eid=16886549,d-eid,16886549,EQUALITY NC ACTION PAC,d-et,3,Non-Individual,1,250
dt=1&d-et=3&d-cci=86&d-eid=10001784,d-eid,10001784,YES FOR MARRIAGE & EQUALITY PAC,d-et,3,Non-Individual,1,233.13
dt=1&d-et=3&d-cci=86&d-eid=6271525,d-eid,6271525,EL PASO COUNTY STONEWALL DEMOCRATS,d-et,3,Non-Individual,3,225
dt=1&d-et=3&d-cci=86&d-eid=18911688,d-eid,18911688,OREGON UNITED FOR MARRIAGE,d-et,3,Non-Individual,1,225
dt=1&d-et=3&d-cci=86&d-eid=324785,d-eid,324785,FRESNO STONEWALL DEMOCRATS,d-et,3,Non-Individual,1,200
dt=1&d-et=3&d-cci=86&d-eid=3509296,d-eid,3509296,STONEWALL DEMO,d-et,3,Non-Individual,1,200
dt=1&d-et=3&d-cci=86&d-eid=3796148,d-eid,3796148,CHRISTIANS FOR EQUALITY,d-et,3,Non-Individual,1,200
dt=1&d-et=3&d-cci=86&d-eid=3818593,d-eid,3818593,STONEWALL DEMOCRATS OF EASTERN MISSOURI,d-et,3,Non-Individual,1,200
dt=1&d-et=3&d-cci=86&d-eid=3832076,d-eid,3832076,FOUR FREEDOMS DEMOCRATIC CLUB,d-et,3,Non-Individual,2,200
dt=1&d-et=3&d-cci=86&d-eid=4374054,d-eid,4374054,PFLAG-KC,d-et,3,Non-Individual,1,200
dt=1&d-et=3&d-cci=86&d-eid=5604795,d-eid,5604795,NASSAU COUNTY LESBIAN & GAY DEMOCART,d-et,3,Non-Individual,1,200
dt=1&d-et=3&d-cci=86&d-eid=5605915,d-eid,5605915,NASAU COUNTY LESBIAN & GAY DEMOCRATS,d-et,3,Non-Individual,2,200
dt=1&d-et=3&d-cci=86&d-eid=6029096,d-eid,6029096,ROANOKE VALLEY CHAPTER OF PFLAG,d-et,3,Non-Individual,1,200
dt=1&d-et=3&d-cci=86&d-eid=11518928,d-eid,11518928,PFLAG/FORT WORTH,d-et,3,Non-Individual,1,200
dt=1&d-et=3&d-cci=86&d-eid=1410458,d-eid,1410458,LOG CABIN CLUB ORANGE COUNTY,d-et,3,Non-Individual,4,195
dt=1&d-et=3&d-cci=86&d-eid=10020782,d-eid,10020782,CENTRAL MAINE GAY MENS SUPPORT GROUP,d-et,3,Non-Individual,1,190
dt=1&d-et=3&d-cci=86&d-eid=7966807,d-eid,7966807,PFLAG VALLEY COUNTY,d-et,3,Non-Individual,1,169.15
dt=1&d-et=3&d-cci=86&d-eid=5387061,d-eid,5387061,AFTER 8 INC,d-et,3,Non-Individual,1,150
dt=1&d-et=3&d-cci=86&d-eid=5219016,d-eid,5219016,MID COLUMBIA PFLAG,d-et,3,Non-Individual,1,145
dt=1&d-et=3&d-cci=86&d-eid=7754015,d-eid,7754015,"VOID, URVASHI",d-et,3,Non-Individual,1,124.8
dt=1&d-et=3&d-cci=86&d-eid=254772,d-eid,254772,FRESNO STONEWALL DEMOCRATS,d-et,3,Non-Individual,1,100
dt=1&d-et=3&d-cci=86&d-eid=324754,d-eid,324754,FRESNO STONEWALL DEMOCRATS,d-et,3,Non-Individual,1,100
dt=1&d-et=3&d-cci=86&d-eid=972943,d-eid,972943,SUNCOAST STONEWALL DEMOCRATS,d-et,3,Non-Individual,1,100
dt=1&d-et=3&d-cci=86&d-eid=1494578,d-eid,1494578,PFLAG ANN ARBOR,d-et,3,Non-Individual,1,100
dt=1&d-et=3&d-cci=86&d-eid=1495134,d-eid,1495134,PFLAG TRI-CITIES,d-et,3,Non-Individual,1,100
dt=1&d-et=3&d-cci=86&d-eid=1495204,d-eid,1495204,GAY/LESBIAN NETWORK OF WESTERN MICHIGAN,d-et,3,Non-Individual,1,100
dt=1&d-et=3&d-cci=86&d-eid=3148059,d-eid,3148059,SUMMIT COUNTY STONEWALL DEMOCRATS,d-et,3,Non-Individual,1,100
dt=1&d-et=3&d-cci=86&d-eid=3574179,d-eid,3574179,LOG CABIN REPUBLICANS OF WASHINGTON,d-et,3,Non-Individual,1,100
dt=1&d-et=3&d-cci=86&d-eid=3817152,d-eid,3817152,RED WING PFLAG,d-et,3,Non-Individual,1,100
dt=1&d-et=3&d-cci=86&d-eid=3818411,d-eid,3818411,GAY STRAIGHT ALLIANCE,d-et,3,Non-Individual,1,100
dt=1&d-et=3&d-cci=86&d-eid=5179932,d-eid,5179932,LOG CABIN REPUBLICAN CLUB,d-et,3,Non-Individual,1,100
dt=1&d-et=3&d-cci=86&d-eid=5211929,d-eid,5211929,PFLAG FOREST GROVE,d-et,3,Non-Individual,1,100
dt=1&d-et=3&d-cci=86&d-eid=5211932,d-eid,5211932,PFLAG CENTRAL OREGON,d-et,3,Non-Individual,1,100
dt=1&d-et=3&d-cci=86&d-eid=5211935,d-eid,5211935,PFLAG CLACKAMAS COUNTY,d-et,3,Non-Individual,1,100
dt=1&d-et=3&d-cci=86&d-eid=5211938,d-eid,5211938,PFLAG CORVALLIS-ALBANY CHAPTER,d-et,3,Non-Individual,1,100
dt=1&d-et=3&d-cci=86&d-eid=5488414,d-eid,5488414,GLUE PAC,d-et,3,Non-Individual,1,100
dt=1&d-et=3&d-cci=86&d-eid=6576577,d-eid,6576577,PFLAG OF PUEBLO,d-et,3,Non-Individual,1,100
dt=1&d-et=3&d-cci=86&d-eid=8929498,d-eid,8929498,JUNCTION CITY TEDDY BEARS/JCTB,d-et,3,Non-Individual,1,100
dt=1&d-et=3&d-cci=86&d-eid=9773116,d-eid,9773116,STONEWALL DEMOCRATS OF NORTHERN NEVADA,d-et,3,Non-Individual,1,100
dt=1&d-et=3&d-cci=86&d-eid=9929157,d-eid,9929157,MID-COAST FOR MAINE EQUALITY,d-et,3,Non-Individual,1,100
dt=1&d-et=3&d-cci=86&d-eid=9929252,d-eid,9929252,SOUTHERN MAINE PRIDE,d-et,3,Non-Individual,1,100
dt=1&d-et=3&d-cci=86&d-eid=9950432,d-eid,9950432,GAY & LESBIAN UTAH DEMOCRATS,d-et,3,Non-Individual,1,100
dt=1&d-et=3&d-cci=86&d-eid=10019908,d-eid,10019908,HUDSON BAPTIST CHURCH,d-et,3,Non-Individual,1,100
dt=1&d-et=3&d-cci=86&d-eid=10021674,d-eid,10021674,PRIDE AT WORK,d-et,3,Non-Individual,1,100
dt=1&d-et=3&d-cci=86&d-eid=10033712,d-eid,10033712,MAINE LESBIAN GAY POLITICAL ALLIANCE,d-et,3,Non-Individual,1,100
dt=1&d-et=3&d-cci=86&d-eid=15738180,d-eid,15738180,EQUALITY FOR ALL,d-et,3,Non-Individual,1,100
dt=1&d-et=3&d-cci=86&d-eid=6565274,d-eid,6565274,EL PASO COUNTY STONEWALL DEMS,d-et,3,Non-Individual,2,95
dt=1&d-et=3&d-cci=86&d-eid=5339587,d-eid,5339587,BRO ELECT PAC,d-et,3,Non-Individual,1,77
dt=1&d-et=3&d-cci=86&d-eid=3798235,d-eid,3798235,STEVENS POINT GAY-STRAIGHT ALLIANCE,d-et,3,Non-Individual,1,75
dt=1&d-et=3&d-cci=86&d-eid=9975508,d-eid,9975508,PLAG,d-et,3,Non-Individual,1,75
dt=1&d-et=3&d-cci=86&d-eid=11519326,d-eid,11519326,PFLAG/AUSTIN,d-et,3,Non-Individual,1,74
dt=1&d-et=3&d-cci=86&d-eid=1473724,d-eid,1473724,FLORIDA TRIANGLE DEMOCRATIC CAUCUS,d-et,3,Non-Individual,1,70
dt=1&d-et=3&d-cci=86&d-eid=9983859,d-eid,9983859,"LONG, GANNON",d-et,3,Non-Individual,3,65
dt=1&d-et=3&d-cci=86&d-eid=6860643,d-eid,6860643,PARENTS & FRIENDS OF LESBIANS,d-et,3,Non-Individual,1,60
dt=1&d-et=3&d-cci=86&d-eid=6576107,d-eid,6576107,EVERGREEN PFLAG,d-et,3,Non-Individual,1,54
dt=1&d-et=3&d-cci=86&d-eid=942322,d-eid,942322,LOG CABIN REPUBLICANS OF ORLANDO,d-et,3,Non-Individual,1,50
dt=1&d-et=3&d-cci=86&d-eid=983678,d-eid,983678,THE GAY & LESBIAN COMMUNITY CENTER OF KEY WEST,d-et,3,Non-Individual,1,50
dt=1&d-et=3&d-cci=86&d-eid=3526288,d-eid,3526288,HARVEY MUGGEY LESBIAN/GAY DEMOCRATS,d-et,3,Non-Individual,1,50
dt=1&d-et=3&d-cci=86&d-eid=3528891,d-eid,3528891,WASHINGTON STONEWALL DEMOCRATS,d-et,3,Non-Individual,1,50
dt=1&d-et=3&d-cci=86&d-eid=6138817,d-eid,6138817,RAINBOW EQUALITY PAC,d-et,3,Non-Individual,1,50
dt=1&d-et=3&d-cci=86&d-eid=9383804,d-eid,9383804,MINNESOTA DEMOCRATIC LESBIAN/GAY CAUCUS,d-et,3,Non-Individual,1,50
dt=1&d-et=3&d-cci=86&d-eid=11518756,d-eid,11518756,PFLAG/EL PASO,d-et,3,Non-Individual,1,50
dt=1&d-et=3&d-cci=86&d-eid=15921696,d-eid,15921696,STONEWALL DEMOCRATS OF CENTRAL MARYLAND,d-et,3,Non-Individual,1,50
dt=1&d-et=3&d-cci=86&d-eid=16326363,d-eid,16326363,BROWARD LOG CABIN REPUBLICAN CLUB,d-et,3,Non-Individual,2,50
dt=1&d-et=3&d-cci=86&d-eid=5341858,d-eid,5341858,BASIC RIGHTS OF OREGON ELECT PAC 3087,d-et,3,Non-Individual,1,41
dt=1&d-et=3&d-cci=86&d-eid=11254361,d-eid,11254361,HOUSTON LESBIAN PRESS,d-et,3,Non-Individual,1,35
dt=1&d-et=3&d-cci=86&d-eid=11518214,d-eid,11518214,DIGNITY/SAN ANTONIO,d-et,3,Non-Individual,1,25
dt=1&d-et=3&d-cci=86&d-eid=11518972,d-eid,11518972,LESBIAN-GAY ALLIANCE,d-et,3,Non-Individual,1,25
dt=1&d-et=3&d-cci=86&d-eid=3801485,d-eid,3801485,G/L COMMUNITY TRUST,d-et,3,Non-Individual,1,20
dt=1&d-et=3&d-cci=86&d-eid=8682929,d-eid,8682929,GAY STRAIGHT STUDENT ALLIANCE,d-et,3,Non-Individual,1,20
dt=1&d-et=3&d-cci=86&d-eid=13706348,d-eid,13706348,"SEIBEL, MORGAN",d-et,3,Non-Individual,10,9.9
dt=1&d-et=3&d-cci=86&d-eid=1027165,d-eid,1027165,TRIANGLE PRIDE OF MICHIGAN,d-et,3,Non-Individual,1,-500
dt=1&d-et=3&d-cci=86&d-eid=7238162,d-eid,7238162,INDIANA STONEWALL DEMOCRATS,d-et,3,Non-Individual,1,-2500