Interest Group,Year,Amount Contributed
EQUALITY CALIFORNIA,2008,11449174.72
HUMAN RIGHTS CAMPAIGN,2012,6692525.21
HUMAN RIGHTS CAMPAIGN,2008,4709936.06
FREEDOM TO MARRY,2012,4014179.82
GILL ACTION FUND,2006,3806884.45
NO ON PROPOSITION 8 CAMPAIGN FOR MARRIAGE EQUALITY,2008,1955754.55
HUMAN RIGHTS CAMPAIGN,2018,1305683.59
HUMAN RIGHTS CAMPAIGN,2004,1117654.27
HUMAN RIGHTS CAMPAIGN,2016,1029000.39
HUMAN RIGHTS CAMPAIGN,2014,1022273.12
HUMAN RIGHTS CAMPAIGN,2010,1018061.46
EQUALITY PAC,2018,826336.60
ACTION WISCONSIN,2006,816897.97
NATIONAL GAY & LESBIAN TASK FORCE,2004,789358.00
GAY & LESBIAN VICTORY FUND,2012,706158.00
FREEDOM MASSACHUSETTS EDUCATION FUND,2018,705932.80
GENERAL TREASURY TRANSFER,2009,693862.50
CALIFORNIANS FOR PROGRESS - NO ON 17 FKA CALIFORNIANS AGAINST ELIMINATING BASIC RIGHTS NO ON PROPOSITION 8,2008,661500.00
NO ON 8 NATIONAL CENTER FOR LESBIAN RIGHTS SOCIAL JUSTICE FUND,2008,614026.00
PROJECT 515,2012,590749.19
HUMAN RIGHTS CAMPAIGN,2009,589449.15
CENTER ADVOCACY PROJECT,2008,506294.37
OUTFRONT MINNESOTA,2012,504402.66
HUMAN RIGHTS CAMPAIGN,2006,440410.33
GAY & LESBIAN VICTORY FUND,2018,419566.56
GILL ACTION FUND,2010,405500.00
GILL ACTION FUND,2008,399005.10
LOS ANGELES GAY & LESBIAN COMMUNITY SERVICES CENTER,2008,375397.28
GILL ACTION FUND,2012,319000.00
LPAC,2012,314500.00
NATIONAL GAY & LESBIAN TASK FORCE,2012,304143.82
NATIONAL GAY & LESBIAN TASK FORCE,2008,303148.78
EQUALITY MAINE,2012,299993.12
MARYLANDERS FOR MARRIAGE EQUALITY,2012,291687.20
EMPIRE STATE PRIDE AGENDA,2008,290600.00
MINNESOTANS UNITED FOR ALL FAMILIES,2012,290366.00
GAY & LESBIAN ADVOCATES & DEFENDERS,2012,289812.84
GILL ACTION FUND,2009,277000.00
TASK FORCE CALIFORNIA CMTE - NO ON 8,2008,246678.70
EMPIRE STATE PRIDE AGENDA,2010,242300.00
BRUCE W BASTIAN FOUNDATION,2004,239000.00
NATIONAL GAY & LESBIAN TASK FORCE,2005,236357.57
FREEDOM TO MARRY,2009,232385.00
LPAC,2016,230900.00
GAY & LESBIAN ALLIANCE AGAINST DEFAMATION,2008,197081.26
HUMAN RIGHTS CAMPAIGN,2005,196842.88
BASIC RIGHTS OREGON,2004,195992.62
LPAC,2014,181000.00
EMPIRE STATE PRIDE AGENDA,2006,180900.00
EMPIRE STATE PRIDE AGENDA,2012,179550.00
HUMAN RIGHTS CAMPAIGN,2017,177716.07
NATIONAL GAY & LESBIAN TASK FORCE,2009,174011.72
LOS ANGELES GAY & LESBIAN COMMUNITY SERVICES CENTER,2012,172896.80
EMPIRE STATE PRIDE AGENDA,2014,170500.00
EQUALITY VIRGINIA,2006,169322.00
LESBIAN GAY BISEXUAL TRANSGENDER CAUCUS LEADERSHIP FUND,2018,167086.51
EQUALITY ILLINOIS,2014,163304.41
ARIZONA TOGETHER SUPPORTERS INC,2008,161100.00
GAY & LESBIAN VICTORY FUND,2010,160407.34
FREEDOM FOR ALL AMERICANS,2018,156026.23
GAY & LESBIAN VICTORY FUND,2008,154306.51
HUMAN RIGHTS CAMPAIGN,2011,153225.00
EQUALITY MARYLAND,2012,146518.00
EQUALITY CALIFORNIA,2016,141600.00
COMMONWEALTH COALITION,2006,132171.44
EQUALITY MAINE,2009,131925.00
HUMAN RIGHTS CAMPAIGN,2019,127655.18
CIVIL MARRIAGE COLLABORATIVE,2012,125000.00
GAY & LESBIAN ADVOCATES & DEFENDERS,2009,114258.00
BASIC RIGHTS OREGON,2012,110428.14
TEXAS EQUITY PAC,2014,110245.00
HUMAN RIGHTS CAMPAIGN,2013,109212.12
GAY & LESBIAN VICTORY FUND,2006,106267.39
BASIC RIGHTS OREGON,2008,102301.49
EQUALITY FLORIDA ACTION NETWORK,2008,102301.02
HORIZONS FOUNDATION,2008,100000.00
ARCUS FOUNDATION,2009,97557.00
SOUTH CAROLINA EQUALITY COALITION,2006,96603.65
BASIC RIGHTS OREGON,2006,96131.96
HUMAN RIGHTS CAMPAIGN,2015,95499.45
GAY & LESBIAN VICTORY FUND,2014,95407.69
EQUALITY ILLINOIS,2012,93723.00
TEXAS EQUITY PAC,2018,91800.00
BASIC RIGHTS OREGON,2014,90390.00
LESBIAN GAY BISEXUAL TRANSGENDER CAUCUS LEADERSHIP FUND,2016,89600.00
PRIDE FOUNDATION,2012,87870.00
ILLINOIS FAIRNESS FUND,2010,87653.53
EQUAL RIGHTS WASHINGTON,2012,84073.76
BASIC RIGHTS OREGON,2018,74650.00
GAY & LESBIAN VICTORY FUND,2004,70049.30
GENERAL TREASURY TRANSFER,2008,67181.76
GLBTQ LEGAL ADVOCATES & DEFENDERS INC,2018,65000.00
EQUALITY CALIFORNIA,2018,64750.00
ONE COLORADO,2018,62700.00
GAY & LESBIAN VICTORY FUND,2011,61850.00
BASIC RIGHTS OREGON,2016,60500.00
TWO SISTERS & A WIFE FOUNDATION,2009,60000.00
FAMILY EQUALITY COUNCIL,2008,59687.55
ONE COLORADO,2016,58822.68
RIGHT TO PRIVACY PAC,1994,58100.00
HUMAN RIGHTS CAMPAIGN,2007,57532.76
LPAC,2018,56600.00
RIGHT TO PRIVACY PAC,1992,55250.00
ONE COLORADO,2012,54600.00
EQUALITY MICHIGAN,2004,53500.00
GAY & LESBIAN VICTORY FUND,2013,52925.00
KEVIN J MOSSIER FOUNDATION,2012,52500.00
GAY & LESBIAN RESOURCE CENTER IOWA,2002,50000.00
LESBIAN EQUITY FOUNDATION,2008,50000.00
NATIONAL CENTER FOR LESBIAN RIGHTS,2008,50000.00
BASIC RIGHTS OREGON,2002,48360.63
NO NONSENSE IN NOVEMBER,2005,47265.00
MAINERS UNITED FOR MARRIAGE,2012,46977.00
EQUALITY NORTH CAROLINA,2006,46646.80
EQUALITY ILLINOIS,2010,46554.84
LOG CABIN REPUBLICANS NEW YORK,2008,46500.00
EMPIRE STATE PRIDE AGENDA,2000,45800.00
GREATER BOSTON PFLAG,2018,45000.00
EQUALITY MICHIGAN,2008,44300.00
GAY & LESBIAN VICTORY FUND,2016,44200.00
JLS OPERATIONS,2010,44000.00
BASIC RIGHTS OREGON,2010,42700.55
RIGHT TO PRIVACY PAC,1990,42497.35
EQUALITY ILLINOIS,2016,42000.00
LOG CABIN REPUBLICANS NEW YORK,2006,41690.00
ALLIANCE FOR FULL ACCEPTANCE,2006,41313.90
LOG CABIN REPUBLICANS,2004,40000.00
GILL ACTION FUND,2007,40000.00
OUTFRONT MINNESOTA,2013,40000.00
PROJECT 515,2013,40000.00
EQUALITY NORTH CAROLINA,2010,39750.00
ONE COLORADO,2014,39000.00
GARDEN STATE EQUALITY LLC,2007,38550.00
INDIANA STONEWALL DEMOCRATS,2004,38350.00
NATIONAL GAY & LESBIAN TASK FORCE,2006,37768.94
EQUALITY UTAH,2004,36550.00
PRIDE FOUNDATION,2009,36353.00
EQUALITY MARYLAND,2010,36225.00
EQUALITY VIRGINIA,2007,35287.16
MICHIGAN PRIDE,2010,34550.00
LGBT MENTORING PROJECT,2009,32875.00
EQUALITY PAC,2017,32500.00
PROTECT MAINE EQUALITY,2009,31100.00
FAIRNESS FUND,2008,31000.00
EQUALITY UTAH,2008,30500.00
REPUBLICAN UNITY COALITION,2002,30000.00
MINNESOTA UNITED PAC,2013,30000.00
NO NONSENSE IN 2006,2005,29613.72
EMPIRE STATE PRIDE AGENDA,2002,29425.00
LESBIAN / GAY RIGHTS LOBBY OF TEXAS CALKIN FUND,2005,29000.00
MINNESOTA UNITED PAC,2014,29000.00
EMPIRE STATE PRIDE AGENDA,2004,28500.00
LESBIAN GAY BISEXUAL TRANSGENDER CAUCUS LEADERSHIP FUND,2017,28400.00
EQUALITY CALIFORNIA,2010,27738.82
FAIR WISCONSIN,2014,26980.00
EQUALITY UTAH,2014,26950.00
EQUALITY UTAH,2006,26700.00
FAIRNESS FUND,2010,26625.00
LOG CABIN REPUBLICANS,2012,26400.00
GARDEN STATE EQUALITY,2007,26200.00
EQUALITY MAINE,2010,26150.00
GAY & LESBIAN VICTORY FUND,2002,25881.00
EQUAL RIGHTS WASHINGTON,2009,25678.32
EQUALITY SOUTH DAKOTA,2008,25500.00
FAIRNESS FOR ALL FAMILIES,2008,25000.00
FLORIDA RED & BLUE,2008,25000.00
CALIFORNIA MARRIAGE PAC,2009,25000.00
LESBIAN POLITICAL ACTION CMTE,2014,25000.00
LAMBDA LEGAL,2018,25000.00
EQUALITY PAC,2019,25000.00
PRIDE SOURCE MEDIA GROUP,2004,24995.00
EQUALITY UTAH,2012,24600.00
EQUALITY NORTH CAROLINA,2008,24500.00
LOVE MAKES A FAMILY,2004,24250.00
PARENTS FAMILIES & FRIENDS OF LESBIANS & GAYS (PFLAG) NATIONAL OFFICE,2008,24150.00
EQUALITY SOUTH DAKOTA,2010,23150.00
PRIVACY FUND,1996,23100.00
EQUALITY CALIFORNIA,2012,22850.55
GARDEN STATE EQUALITY,2009,22725.00
GAY & LESBIAN VICTORY FUND,2000,22671.49
EQUALITY PAC,2020,22500.00
EQUALITY UTAH,2018,22450.00
LOG CABIN REPUBLICANS OF CALIFORNIA,2006,22306.52
LOVE MAKES A FAMILY,2008,21548.80
OUTFRONT MINNESOTA,2010,20900.00
EQUAL RIGHTS WASHINGTON,2006,20800.00
STONEWALL DEMOCRATIC CLUB OF GREATER SACRAMENTO,2010,20774.00
OHIOANS FOR GROWTH & EQUALITY,2004,20000.00
EMPIRE STATE PRIDE AGENDA,2011,20000.00
EQUALITY CALIFORNIA,2014,19850.00
TEXAS EQUITY PAC,2008,19750.00
EQUALITY NEW MEXICO,2008,19250.00
EQUALITY VIRGINIA,2017,19000.00
PRIDE FOUNDATION,2018,19000.00
EQUALITY NORTH CAROLINA,2012,18850.00
EQUALITY NC ACTION FUND,2012,18750.00
EQUALITY NORTH CAROLINA,2004,18625.00
HUMAN RIGHTS CAMPAIGN,2002,18623.50
QLAW,2012,18200.00
EMPIRE STATE PRIDE AGENDA,2001,18000.00
TENNESSEE EQUALITY PROJECT,2006,18000.00
PROJECT 515,2010,17850.00
GAY & LESBIAN VICTORY FUND,1998,17810.35
STONEWALL DEMOCRATIC CLUB OF GREATER SACRAMENTO,2008,17800.00
LOG CABIN REPUBLICANS,2010,17750.00
EQUALITY CALIFORNIA,2006,17629.98
WASHINGTON WONT DISCRIMINATE,2006,17600.00
PROJECT 515,2014,17600.00
ONE IOWA,2008,17344.00
FAIRNESS CAMPAIGN,2004,17000.00
VIRGINIA PARTISANS GAY & LESBIAN DEMOCRATIC CLUB,2007,16999.00
EQUALITY ILLINOIS,2008,16900.00
EMPIRE STATE PRIDE AGENDA,2003,16700.00
MICH PRIDE PAC,2008,16175.00
EMPIRE STATE PRIDE AGENDA,2013,16175.00
STONEWALL DEMOCRATIC CLUB OF GREATER SACRAMENTO,2012,15890.00
EQUALITY MAINE,2011,15685.77
LOG CABIN REPUBLICANS,2014,15625.00
VIRGINIA PARTISANS GAY & LESBIAN DEMOCRATIC CLUB,2011,15328.45
GAY & LESBIAN ALLIANCE AGAINST DEFAMATION,2009,15292.15
BASIC RIGHTS OREGON,1998,15198.88
PRIDE INC,2004,15066.72
JOHNSON FAMILY FOUNDATION,2009,15000.00
MASSEQUALITY,2009,14959.00
EQUALITY MARYLAND,2006,14900.00
EQUALITY UTAH,2013,14900.00
INDIANA STONEWALL DEMOCRATS,2010,14550.00
UNITY UTAH,2002,14300.00
EQUALITY UTAH,2010,14300.00
LOVE MAKES A FAMILY,2006,14250.00
EQUALITY VIRGINIA,2009,14000.00
EQUALITY CALIFORNIA,2009,13962.24
TEXAS EQUITY PAC,2006,13500.00
STONEWALL DEMOCRATS OF DENTON COUNTY,2008,13021.60
HUMAN RIGHTS CAMPAIGN,2020,13000.00
MASSEQUALITY,2012,12772.22
MICHIGAN PRIDE,2008,12637.75
MAINE COALITION FOR EQUAL RIGHTS,2000,12550.00
STONEWALL DEMOCRATS OF TARRANT COUNTY,2010,12500.00
SOUTH CAROLINA EQUALITY COALITION,2014,12500.00
DELAWARE STONEWALL DEMOCRATS,2010,12300.00
LESBIAN GAY BISEXUAL TRANSGENDER CAUCUS LEADERSHIP FUND,2014,12300.00
EMPIRE STATE PRIDE AGENDA,2015,12250.00
MASSEQUALITY,2014,12094.29
EQUALITY MICHIGAN,2010,12000.00
STONEWALL DEMOCRATIC CLUB OF GREATER SACRAMENTO,2006,11750.00
GARDEN STATE EQUALITY LLC,2008,11500.00
EQUALITY PENNSYLVANIA,2012,11500.00
DELAWARE STONEWALL DEMOCRATS,2018,11450.00
EQUALITY VIRGINIA,2005,11308.12
EQUALITY ILLINOIS,2018,11175.00
LOVE MAKES A FAMILY,2009,11077.84
DELAWARE STONEWALL DEMOCRATS,2004,11025.00
MASSEQUALITY,2008,11023.30
DELAWARE STONEWALL DEMOCRATS,2014,10950.00
LOG CABIN REPUBLICANS,2016,10950.00
EQUALITY PENNSYLVANIA,2014,10944.00
VERMONT FUND FOR FAMILIES,2002,10788.64
CENTRAL VALLEY STONEWALL DEMOCRATIC CLUB,2008,10750.00
EMPIRE STATE PRIDE AGENDA,2016,10700.00
LOG CABIN REPUBLICANS OF NEW HAMPSHIRE,2018,10550.00
VA PARTISANS,2005,10529.05
EQUALITY UTAH,2016,10265.00
PRIVACY FUND,1994,10250.00
EQUALITY FEDERATION,2008,10208.86
PFLAG OF WASHINGTON METROPOLITAN AREA,2006,10120.00
EQUALITY MARYLAND,2014,10030.85
HORIZONS FOUNDATION,2004,10000.00
PRIDEFEST,2006,10000.00
NO ON PROP 102 CMTE,2008,10000.00
CAMPAIGN FOR ALL DC FAMILIES,2012,10000.00
BASIC RIGHTS OREGON,2009,9783.80
VIRGINIA PARTISANS GAY & LESBIAN DEMOCRATIC CLUB,2009,9600.00
GILL ACTION FUND,2016,9600.00
EQUALITY NEW MEXICO,2004,9545.00
VERMONTERS FOR CIVIL UNIONS,2000,9350.00
FREEDOM TO MARRY,2004,9250.00
VERMONT FUND FOR FAMILIES,2010,9100.00
DESERT STONEWALL DEMOCRATS,2018,9050.00
DELAWARE STONEWALL DEMOCRATS,2012,9000.00
TRIANGLE PRIDE PAC,2006,8905.00
FAIRNESS FUND,2009,8738.81
CMTE FOR FAIRNESS,2004,8522.50
EMPIRE STATE PRIDE AGENDA,1998,8454.00
GAY & LESBIAN VICTORY FUND,2015,8420.00
HUMAN RIGHTS LEAGUE,2006,8246.35
ARIZONA HUMAN RIGHTS FUND,1996,8010.00
MICHIGAN PRIDE,2006,8010.00
KENTUCKY FAIRNESS ALLIANCE ACTION FUND,2004,8000.00
CLEVELAND STONEWALL DEMOCRATS,2010,8000.00
TEXAS EQUITY PAC,2012,8000.00
LOG CABIN REPUBLICANS NEW YORK,2012,7950.00
TEXAS STONEWALL DEMOCRATIC CAUCUS,2018,7950.00
PRIDE PROJECT,2012,7900.00
EQUALITY NEW MEXICO,2006,7800.00
GILL ACTION FUND,2014,7724.48
DELAWARE LIBERTY FUND,2004,7650.00
NEW HAMPSHIRE STONEWALL DEMOCRATS,2006,7500.00
EMPIRE STATE PRIDE AGENDA,2007,7500.00
LOG CABIN REPUBLICANS NEW YORK,2010,7400.00
EQUALITY CALIFORNIA,2017,7400.00
MASSEQUALITY,2016,7050.61
STONEWALL DEMOCRATS OF SAN ANTONIO,2008,7000.00
LPAC,2019,7000.00
VICTORY FOUNDATION GAY/LESBIAN VICTORY FUND,1998,6950.00
TEXAS STONEWALL DEMOCRATIC CAUCUS,2008,6900.00
GAY & LESBIAN ADVOCATES & DEFENDERS,2012,6897.00
CIMARRON EQUALITY OKLAHOMA,2004,6800.00
MARRIAGE EQUALITY USA,2012,6657.81
DELAWARE LIBERTY FUND,2002,6650.00
MASSEQUALITY,2011,6634.14
EQUALITY VIRGINIA,2011,6600.00
DELAWARE STONEWALL DEMOCRATS,2016,6600.00
STONEWALL DEMOCRATS OF DALLAS,2014,6530.00
STONEWALL DEMOCRATIC CLUB OF GREATER SACRAMENTO,2014,6500.00
CENTRAL VALLEY STONEWALL DEMOCRATIC CLUB,2012,6390.00
HARVEY MILK LGBT DEMOCRATIC CLUB,2014,6388.63
GLBT DEMOCRATS & ALLIES OF JEFFERSON COUNTY,2006,6350.00
GLBT FRIENDS OF GOOD GOVERNMENT,2008,6250.00
SUMMIT COUNTY PFLAG,2006,6204.00
GAYS & LESBIANS ORGANIZED FOR BETTERMENT & EQUALITY,2008,6100.00
PRIVACY FUND,1992,6000.00
NATIONAL CENTER FOR LESBIAN RIGHTS,2004,6000.00
KENTUCKY FAIRNESS ALLIANCE ACTION,2004,6000.00
HUMAN RIGHTS LEAGUE,2009,6000.00
TEXAS STONEWALL DEMOCRATIC CAUCUS,2010,6000.00
STONEWALL DEMOCRATS OF THE RIO GRANDE VALLEY,2014,6000.00
LPAC,2017,6000.00
EQUALITY OHIO,2006,5974.99
EQUAL RIGHTS WASHINGTON,2010,5925.00
STONEWALL DEMOCRATIC CLUB OF GREATER SACRAMENTO,2018,5750.00
VIRGINIA PARTISAN PAC,2003,5744.28
MASSEQUALITY,2010,5733.86
EQUAL RIGHTS WASHINGTON,2008,5689.01
DELAWARE STONEWALL DEMOCRATS,2008,5600.00
MICH PRIDE PAC,2006,5575.00
EMPIRE STATE PRIDE AGENDA,1999,5500.00
BWB PROPERTIES,2006,5500.00
LOG CABIN REPUBLICANS,2011,5500.00
EQUALITY MAINE,2008,5475.00
LAGPAC,1999,5450.00
GAYPASG PAC,2007,5450.00
TEXAS STONEWALL DEMOCRATIC CAUCUS,2014,5400.00
CLEVELAND STONEWALL DEMOCRATS,2018,5400.00
OHIO STONEWALL DEMOCRATS,2006,5300.00
ARIZONA HUMAN RIGHTS FUND,2004,5280.00
EQUALITY OHIO,2008,5250.00
CLEVELAND STONEWALL DEMOCRATS,2014,5250.00
DESERT STONEWALL DEMOCRATS,2016,5215.32
GAY & LESBIAN VICTORY FUND,2017,5175.00
MID-COAST FOR MARRIAGE EQUALITY,2012,5042.38
BASIC RIGHTS OF OREGON PAC,1998,5000.00
HUMAN RIGHTS CAMPAIGN,1999,5000.00
CALIFORNIANS FOR FAIRNESS,2000,5000.00
THE CENTER,2004,5000.00
HORIZONS FOUNDATION,2006,5000.00
GAYS & LESBIANS ORGANIZED FOR BETTERMENT & EQUALITY (GLOBE) OF SOUTHERN ALAMEDA COUNTY,2008,5000.00
CIMARRON EQUALITY OKLAHOMA,2012,5000.00
NATIONAL GAY & LESBIAN TASK FORCE ACTION FUND,2012,5000.00
GILL ACTION FUND,2013,5000.00
EMPIRE STATE PRIDE AGENDA,2018,5000.00
HORIZONS FOUNDATION,2018,5000.00
LOG CABIN REPUBLICANS OF CALIFORNIA,2002,4935.53
FLORIDA GLBT DEMOCRATIC CAUCUS,2010,4890.40
ME WONT DISCRIMINATE,1998,4850.00
TEXAS STONEWALL DEMOCRATIC CAUCUS,2012,4850.00
CLEVELAND STONEWALL DEMOCRATS,2012,4850.00
WASHINGTON UNITED FOR MARRIAGE,2012,4850.00
ARIZONA HUMAN RIGHTS FUND,1998,4827.96
BAY STATE GAY & LESBIAN DEMOCRATS,2004,4800.00
GAY LESBIAN BISEXUAL & TRANSGENDER DEMOCRATS & ALLIES OF JEFFERSON COUNTY GLBT,2012,4750.00
GAY LESBIAN BISEXUAL & TRANSGENDER DEMOCRATS & ALLIES OF JEFFERSON COUNTY GLBT,2014,4650.00
GLC FOR FAIRNESS,2006,4605.00
DELAWARE LIBERTY FUND,2000,4600.00
FLORIDA GLBT DEMOCRATIC CAUCUS,2013,4600.00
STONEWALL DEMOCRATS OF DALLAS,2016,4600.00
ARIZONA HUMAN RIGHTS FUND,2000,4578.00
EQUALITY SOUTH DAKOTA,2012,4550.00
VERMONT FUND FOR FAMILIES,2004,4525.00
PRIVACY FUND,1990,4500.00
STONEWALL DEMOCRATIC CLUB,2002,4500.00
CLEVELAND STONEWALL DEMOCRATS,2004,4500.00
CENTER ADVOCATES,2008,4500.00
EQUALITY NEW HAMPSHIRE,2010,4500.00
GAY LESBIAN BISEXUAL & TRANSGENDER DEMOCRATS & ALLIES OF JEFFERSON COUNTY GLBT,2010,4500.00
STONEWALL DEMOCRATS OF CENTRAL OHIO,2014,4500.00
NO ON 1 PROTECT MAINE EQUALITY,2009,4414.00
EQUALITY NC ACTION FUND,2016,4400.00
CENTRAL VALLEY STONEWALL DEMOCRATIC CLUB,2010,4320.00
TRIANGLE PRIDE PAC,2008,4300.00
LOG CABIN REPUBLICANS OF VIRGINIA,2005,4250.00
STONEWALL DEMOCRATS OF TARRANT COUNTY,2008,4250.00
TARRANT COUNTY STONEWALL DEMOCRATS,2008,4250.00
CAPITAL REGION STONEWALL DEMOCRATS,2016,4250.00
LOG CABIN REPUBLICANS,2018,4250.00
RIGHT TO PRIVACY PAC,1996,4200.00
EQUALITY SOUTH DAKOTA,2016,4200.00
CMTE FOR FAIRNESS & INDIVIDUAL RIGHTS,2018,4200.00
HOUSTON EQUAL RIGHTS ALLIANCE / HERA,2005,4157.00
HUMAN RIGHTS CAMPAIGN,2001,4000.00
VIRGINIA LOG CABIN REPUBLICANS OF NOVA,2001,4000.00
MID-COAST WONT DISCRIMINATE,2005,4000.00
GLBT DEMOCRATS & ALLIES OF JEFFERSON COUNTY,2008,4000.00
EQUALITY ILLINOIS,2011,4000.00
OKLAHOMA STONEWALL DEMOCRATS,2008,3949.99
UTAH STONEWALL DEMOCRATS,2012,3925.00
LOG CABIN REPUBLICANS OF CALIFORNIA,2004,3818.29
MASSEQUALITY,2006,3737.21
DELAWARE STONEWALL DEMOCRATS,2006,3700.00
STONEWALL DEMOCRATIC-FARMER-LABOR PARTY,2017,3547.25
FAMILIES FOR A BETTER IDAHO,2008,3500.00
VERMONT FUND FOR FAMILIES,2009,3500.00
STONEWALL DEMOCRATS OF SAN ANTONIO,2010,3500.00
VICTORY FUND PAC,2012,3500.00
EQUALITY MAINE,2014,3500.00
CLEVELAND STONEWALL DEMOCRATS,2016,3500.00
SOUTH CAROLINA EQUALITY COALITION,2018,3500.00
STONEWALL DEMOCRATS OF DALLAS,2018,3500.00
STONEWALL YOUNG DEMOCRATS,2018,3449.00
STONEWALL DEMOCRATS OF CENTRAL MARYLAND,2010,3425.00
LOVE MAKES A FAMILY,2002,3400.00
LPAC,2013,3400.00
EQUALITY NORTH CAROLINA,2000,3250.00
LOG CABIN REPUBLICANS,2009,3250.00
ONE COLORADO,2010,3250.00
STONEWALL DEMOCRATIC CLUB - ISSUES & ADVOCACY CMTE,2003,3200.00
STONEWALL DEMOCRATS OF DALLAS,2008,3159.90
CENTER ADVOCATES,2006,3057.25
VIRGINIA LOG CABIN REPUBLICANS OF NOVA,2000,3000.00
ARIZONA STONEWALL DEMOCRATS,2000,3000.00
VERMONTERS FOR CIVIL UNIONS,2001,3000.00
EQUALITY MICHIGAN,2002,3000.00
COALITION FOR ADOPTION RIGHTS EQUALITY,2004,3000.00
EQUALITY NORTH CAROLINA,2005,3000.00
PFLAG TREASURE VALLEY,2006,3000.00
GAYS & LESBIANS ORGANIZED FOR BETTERMENT & EQUALITY / GLOBE,2014,3000.00
EQUALITY SOUTH DAKOTA,2014,3000.00
EQUALITY NC ACTION FUND,2014,2995.00
STONEWALL DEMOCRATS OF DALLAS,2012,2905.00
CMTE FOR FAIRNESS & INDIVIDUAL RIGHTS,2014,2900.00
UTAH STONEWALL DEMOCRATS,2016,2850.00
TEXAS EQUITY PAC,2010,2795.00
STONEWALL DEMOCRATS OF ARKANSAS,2006,2785.00
RAINBOW EQUALITY,2008,2775.00
CMTE FOR FAIRNESS & INDIVIDUAL RIGHTS,2004,2750.00
DESERT STONEWALL DEMOCRATS,2012,2750.00
STONEWALL DEMOCRATS OF THE RIO GRANDE VALLEY,2012,2750.00
INDIANA STONEWALL DEMOCRATS,2018,2750.00
ATLANTA STONEWALL DEMOCRATS,2006,2725.00
MICH PRIDE PAC,1996,2700.00
VIRGINIA LOG CABIN REPUBLICANS OF NOVA,2003,2700.00
TEXAS EQUITY PAC,2005,2700.00
VERMONT FUND FOR FAMILIES,2006,2700.00
GAYPASG PAC,2003,2676.04
BOULDER PRIDE,2006,2655.00
STONEWALL DEMOCRATIC-FARMER-LABOR PARTY,2008,2650.00
STONEWALL DEMOCRATIC-FARMER-LABOR PARTY,2000,2648.09
LOG CABIN REPUBLICANS OF NW OHIO,2006,2600.00
UTAH STONEWALL DEMOCRATS,2018,2600.00
BASIC RIGHTS OF OR ELECT PAC 3087,2000,2564.00
DELAWARE LIBERTY FUND,2008,2550.00
STONEWALL DEMOCRATS OF SAN ANTONIO,2012,2546.05
ILLINOIS FAIRNESS FUND,2014,2540.88
DESERT STONEWALL DEMOCRATS,2014,2531.31
STONEWALL DEMOCRATIC-FARMER-LABOR PARTY,2010,2525.00
BASIC RIGHTS OF OREGON ELECT PAC 3087,2000,2503.00
BASIC RIGHTS OF OREGON PAC,2002,2500.00
NATIONAL STONEWALL DEMOCRATS,2006,2500.00
STONEWALL DEMOCRATIC-FARMER-LABOR PARTY,2006,2500.00
VERMONT FUND FOR FAMILIES,2008,2500.00
GARDEN STATE EQUALITY,2011,2500.00
EQUALITY ILLINOIS,2015,2500.00
EQUALITY NEW MEXICO,2016,2500.00
GAY & LESBIAN VICTORY FUND,2019,2500.00
EQUALITY CALIFORNIA,2019,2500.00
LOG CABIN REPUBLICANS OF CALIFORNIA,2008,2450.00
EQUALITY UTAH,2015,2450.00
MASSEQUALITY,2004,2412.97
EMPIRE STATE PRIDE AGENDA,1997,2350.00
MICHIGAN PRIDE,2004,2350.00
EQUALITY MICHIGAN,2006,2350.00
STONEWALL DEMOCRATS OF CENTRAL OHIO,2016,2300.00
GLID,2002,2250.00
STONEWALL DEMOCRATIC-FARMER-LABOR PARTY,2005,2250.00
EQUAL RIGHTS ACTION,2008,2250.00
INDIANA STONEWALL DEMOCRATS,2012,2250.00
STONEWALL DEMOCRATIC CAUCUS,2012,2250.00
STONEWALL DEMOCRATIC CAUCUS OF ARKANSAS,2008,2220.00
STONEWALL DEMOCRATS,2010,2200.00
ONE COLORADO,2019,2200.00
LESBIAN COMMUNITY PROJECT OF MID-MISSOURI,2004,2187.00
GAYPASG PAC,2005,2150.00
CLEVELAND STONEWALL DEMOCRATS,2008,2150.00
STONEWALL DEMOCRATIC CLUB OF GREATER SACRAMENTO,2016,2150.00
STONEWALL YOUNG DEMOCRATS,2014,2125.00
DELAWARE LIBERTY FUND,2010,2100.00
GAY & LESBIAN VICTORY FUND,1996,2089.84
GATEWAY STONEWALL DEMOCRATS,2008,2080.00
MICH PRIDE PAC,2004,2075.00
LOG CABIN REPUBLICANS,2006,2050.00
NATIONAL RAINBOW COALITION,2000,2000.00
GEORGIA STONEWALL DEMOCRATS,2000,2000.00
LANSING ASSOCIATION FOR HUMAN RIGHTS,2004,2000.00
STONEWALL DEMOCRATS OF CENTRAL OHIO,2004,2000.00
EQUALITY MICHIGAN,2005,2000.00
GARDEN STATE EQUALITY,2006,2000.00
CENTER ADVOCATES,2007,2000.00
ATLANTA STONEWALL DEMOCRATS,2007,2000.00
LOG CABIN REPUBLICANS,2008,2000.00
LONG BEACH LAMBDA DEMOCRATIC CLUB,2008,2000.00
HARVEY MILK LGBT DEMOCRATIC CLUB,2008,2000.00
EQUALITY NORTH CAROLINA,2011,2000.00
UTAH STONEWALL DEMOCRATS,2014,2000.00
CMTE FOR FAIRNESS & INDIVIDUAL RIGHTS,2015,2000.00
STONEWALL DEMOCRATS OF SAN ANTONIO,2016,2000.00
TEXAS EQUITY PAC,2016,2000.00
CAPITAL REGION STONEWALL DEMOCRATS,2018,2000.00
DELAWARE LIBERTY FUND,2006,1950.00
STONEWALL DEMOCRATS,2012,1950.00
EQUALITY MAINE,2018,1900.00
PFLAG BOULDER,2006,1852.00
VA PARTISANS,2011,1850.00
CAPITAL REGION STONEWALL DEMOCRATS,2012,1835.00
FLINT HILLS PFLAG,2005,1830.00
GAYPASG PAC,2001,1800.00
CMTE FOR FAIRNESS & INDIVIDUAL RIGHTS,2016,1800.00
MARYLAND FOR ALL FAMILIES,2012,1787.50
EQUAL RIGHTS WASHINGTON,2004,1775.00
SEATTLE GAY NEWS,2004,1765.00
RAINBOW ALLIANCE,1998,1750.00
HUMAN RIGHTS LEAGUE,2010,1750.00
PINELLAS STONEWALL PAC,2012,1750.00
FLORIDA GLBT DEMOCRATIC CAUCUS,2014,1750.00
TEP-PAC,2016,1750.00
GAY & LESBIAN VICTORY FUND,2003,1735.00
STONEWALL DEMOCRATS OF DENTON COUNTY,2014,1714.00
BAY STATE GAY & LESBIAN DEMOCRATS,2002,1700.00
EQUALITY ARIZONA,2010,1660.00
EQUAL RIGHTS ACTION,2010,1650.00
STONEWALL DEMOCRATS,2006,1601.00
VERMONTERS FOR CIVIL UNIONS,2002,1600.00
CENTRAL OKLAHOMA STONEWALL DEMOCRATS,2006,1600.00
EQUALITY VIRGINIA,2015,1590.72
GAY & LESBIAN VOTERS PAC,2000,1550.00
ARIZONA STONEWALL DEMOCRATS,2002,1550.00
STONEWALL DEMOCRATIC-FARMER-LABOR PARTY,2004,1550.00
FREEDOM TO MARRY,2006,1550.00
GAY & LESBIAN COMMUNITY SERVICES CENTER OF ORANGE COUNTY,2008,1548.00
INDIANA STONEWALL DEMOCRATS,2002,1525.00
MASSEQUALITY,2018,1525.00
MONTCALM COUNTY REPUBLICANS,2000,1500.00
GAY OREGON LESBIAN DOLLARS PAC,2000,1500.00
LAMBDA DEMOCRATS OF KEY WEST,2002,1500.00
GAY & LESBIAN INDEPENDENT DEMOCRATS,2002,1500.00
LOG CABIN REPUBLICANS NEW YORK,2004,1500.00
GAYPASG PAC,2004,1500.00
UNITY UTAH,2004,1500.00
VERMONT FUND FOR FAMILIES,2005,1500.00
STONEWALL DEMOCRATIC CLUB OF ARKANSAS,2005,1500.00
STONEWALL DEMOCRATS OF SAN ANTONIO,2005,1500.00
VIRGINIA PARTISANS GAY & LESBIAN DEMOCRATIC CLUB,2006,1500.00
BAY STATE GAY & LESBIAN DEMOCRATS,2006,1500.00
CLEVELAND STONEWALL DEMOCRATS,2006,1500.00
STONEWALL DEMOCRATIC CLUB OF ARKANSAS,2007,1500.00
INDIANA STONEWALL DEMOCRATS,2008,1500.00
EQUALITY VIRGINIA,2008,1500.00
BWB PROPERTIES,2008,1500.00
RAINBOW BUSINESS & PROFESSIONAL ASSOCIATION,2009,1500.00
FLORIDA GLBT DEMOCRATIC CAUCUS,2016,1500.00
CENTRAL VALLEY STONEWALL DEMOCRATIC CLUB,2018,1500.00
EQUALITY VIRGINIA,2018,1500.00
LOVE MAKES A FAMILY PAC,2004,1450.00
LOG CABIN REPUBLICAN CLUB OF VIRGINIA,2007,1450.00
LOG CABIN REPUBLICANS HUDSON VALLEY,2008,1420.00
INLAND EMPIRE LESBIAN & GAY DEMOCRATIC CLUB,2000,1350.00
MICHIGAN PRIDE,2002,1350.00
STONEWALL DEMOCRATS OF MASSACHUSETTS,2016,1350.00
THOMAS JEFFERSON MEMORIAL UUC GAY/STRAIGHT ALLIANCE,2006,1332.50
STONEWALL DEMOCRATS OF SAN ANTONIO,2004,1300.00
STONEWALL DEMOCRATS OF DALLAS,2010,1260.00
LOG CABIN REPUBLICAN CLUB OF PENNSYLVANIA,2002,1250.00
VIRGINIA LOG CABIN REPUBLICANS OF NOVA,2002,1250.00
VERMONT FUND FOR FAMILIES,2003,1250.00
STONEWALL DEMOCRATIC CLUB OF GREATER SACRAMENTO,2004,1250.00
GAY & LESBIAN INDEPENDENT DEMOCRATS,2004,1250.00
STONEWALL DEMOCRATIC-FARMER-LABOR PARTY,2009,1250.00
STONEWALL DEMOCRATIC-FARMER-LABOR PARTY,2016,1250.00
HUMAN RIGHTS CAMPAIGN OHIO FAMILIES PAC,2008,1242.08
VIRGINIA PARTISAN PAC,2002,1214.17
DELAWARE LIBERTY FUND,2012,1200.00
PINELLAS STONEWALL PAC,2014,1200.00
STONEWALL YOUNG DEMOCRATS,2012,1199.00
EQUALITY WA PAC,1998,1185.00
CHARLESTON SOCIAL CLUB,2006,1172.25
BAY STATE GAY & LESBIAN DEMOCRATS,2000,1150.00
LOG CABIN REPUBLICANS OF CALIFORNIA,2003,1125.00
EQUALITY VIRGINIA EDUCATION FOUNDATION,2006,1125.00
HANDS OFF WA,1998,1110.00
LOG CABIN REPUBLICANS OF WISCONSIN,2006,1100.00
PFLAG MADISON,2006,1100.00
LOG CABIN REPUBLICANS HUDSON VALLEY,2006,1100.00
STONEWALL DEMOCRATIC CLUB OF ARKANSAS,2006,1100.00
EQUALITY MARYLAND,2008,1100.00
TEP-PAC,2010,1100.00
STONEWALL YOUNG DEMOCRATS,2016,1100.00
EMPIRE STATE PRIDE AGENDA,2017,1100.00
STONEWALL DEMOCRATS OF WESTCHESTER,2010,1069.07
PINELLAS STONEWALL PAC,2008,1050.00
SEATTLE GAY NEWS,2008,1050.00
NASSAU COUNTY LESBIAN & GAY DEMOCRATS,2010,1050.00
TEP-PAC,2018,1050.00
OUTLOOK MEDIA,2004,1048.00
VERMONT FUND FOR FAMILIES,2000,1038.13
STONEWALL DEMOCRATS OF CENTRAL OHIO,2010,1035.00
SEATTLE GAY NEWS,1996,1000.00
AMERICAN AIDS,1998,1000.00
PRIDE OF PHILADELPHIA ELECTION COMM,1998,1000.00
HUMAN RIGHTS CAMPAIGN,2000,1000.00
LOG CABIN REPUBLICAN PAC FREEDOM & UNITY CMTE/LCR PAC,2000,1000.00
STONEWALL DEMOCRATIC CLUB,2002,1000.00
STONEWALL DEMOCRATIC-FARMER-LABOR PARTY,2002,1000.00
CMTE FOR FAIRNESS & INDIVIDUAL RIGHTS,2002,1000.00
DELAWARE STONEWALL DEMOCRATS,2003,1000.00
VERMONTERS FOR CIVIL UNIONS,2003,1000.00
GAY PASG PAC,2003,1000.00
STONEWALL DEMOCRATIC-FARMER-LABOR PARTY,2003,1000.00
PRIDE FOUNDATION,2004,1000.00
EQUALITY CALIFORNIA,2004,1000.00
PFLAG DETROIT,2004,1000.00
LEAGUE@NCR,2004,1000.00
OREGON GAY & LESBIAN LAW ASSOCIATION,2004,1000.00
INDIANA STONEWELL DEMOCRATS,2004,1000.00
HUMAN RIGHTS LEAGUE,2005,1000.00
HUMAN RIGHTS CAMPAIGN DALLAS/FORT WORTH,2005,1000.00
STONEWALL DEMOCRATS OF MASSACHUSETTS,2006,1000.00
PFLAG FOX CITIES,2006,1000.00
COLORADO STONEWALL DEMOCRATS,2006,1000.00
MIDWEST BISEXUAL LESBIAN GAY TRANSGENDER & ALLY COLLEGE CONFERENCE,2006,1000.00
CMTE FOR FAIRNESS & INDIVIDUAL RIGHTS,2006,1000.00
BASIC RIGHTS OREGON,2007,1000.00
GAY & LESBIAN VICTORY FUND,2007,1000.00
VERMONT FUND FOR FAMILIES,2007,1000.00
CMTE FOR FAIRNESS & INDIVIDUAL RIGHTS,2007,1000.00
BROWARD LOG CABIN CLUB,2008,1000.00
STONEWALL DEMOCRATIC CLUB,2008,1000.00
TEP-PAC,2008,1000.00
STONE WALL DEMOCRATES,2008,1000.00
LOG CABIN REPUBLICANS AGAINST 8,2008,1000.00
CENTER ADVOCATES,2009,1000.00
VIRGINIA PARTISANS GAY & LESBIAN PAC,2009,1000.00
EQUALITY NORTH CAROLINA,2009,1000.00
CALIFORNIA MARRIAGE PAC,2010,1000.00
PRIDE PAC,2010,1000.00
ST LOUIS STONEWALL DEMOCRATS,2010,1000.00
STONEWALL DEMOCRATIC CLUB OF NEW YORK CITY,2010,1000.00
STONEWALL DEMOCRATIC CLUB,2010,1000.00
EQUALITY VIRGINIA,2010,1000.00
STONEWALL DEMOCRATS OF BEXAR COUNTY,2010,1000.00
VIRGINIA PARTISANS GAY & LESBIAN DEMOCRATIC CLUB,2012,1000.00
BAY STATE STONEWALL DEMOCRATS,2012,1000.00
SOUTH CAROLINA EQUALITY COALITION,2012,1000.00
OK GLBT PAC,2012,1000.00
LOG CABIN REPUBLICANS,2013,1000.00
CENTRAL VALLEY STONEWALL DEMOCRATIC CLUB,2014,1000.00
STONEWALL DEMOCRATIC CLUB,2014,1000.00
TEP-PAC,2014,1000.00
MINNESOTANS UNITED FOR ALL FAMILIES,2014,1000.00
EQUALITY NORTH CAROLINA,2015,1000.00
LPAC,2015,1000.00
EQUALITY NORTH CAROLINA,2016,1000.00
STONEWALL DEMOCRATIC CAUCUS OF ARKANSAS,2016,1000.00
STONEWALL DEMOCRATS,2018,1000.00
PINELLAS STONEWALL PAC,2018,1000.00
EQUALITY NEW MEXICO,2018,1000.00
EQUALITY VIRGINIA,2019,1000.00
NASSAU COUNTY LESBIAN & GAY DEMOCRATS,2002,975.00
EQUALITY UTAH,2011,950.00
MICHIGAN PRIDE,2000,900.00
DELAWARE RIGHT TO MARRY PAC,2012,900.00
DE RIGHT TO MARRY PAC,2012,900.00
BAY STATE STONEWALL DEMOCRATS,2014,900.00
STONEWALL DEMOCRATIC CAUCUS,2014,900.00
VICTORY FOUNDATION GAY/LESBIAN VICTORY FUND,1998,875.79
BAY STATE STONEWALL DEMOCRATS,2004,875.00
INDIANA STONEWALL DEMOCRATS,2011,875.00
VERMONT FUND FOR FAMILIES,2011,870.00
STONEWALL DEMOCRATIC CLUB ISSUES & ADVOCACY CMTE,2006,852.68
STONEWALL DEMOCRATIC CLUB,2000,850.00
GAY & LESBIAN INDEPENDENT DEMOCRATS / GLID,2004,850.00
LANSING ASSOCIATION FOR HUMAN RIGHTS,2010,850.00
FLORIDA GLBT DEMOCRATIC CAUCUS,2009,842.95
PROGRESS PRINTING CORPORATION,2000,825.00
ST LOUIS NETWORK LLC,2004,805.00
GLBT DEMOCRATS & ALLIES OF JEFFERSON COUNTY,2004,800.00
FREEDOM TO MARRY,2008,800.00
SOUTH CAROLINA STONEWALL DEMOCRATS,2009,800.00
MICH PRIDE PAC,2010,800.00
BALTIMORE OUTLOUD,2012,800.00
CMTE FOR FAIRNESS & INDIVIDUAL RIGHTS,2012,800.00
STONEWALL DEMOCRATS OF SAN ANTONIO,2014,795.00
BASIC RIGHTS OF OREGON PAC,2000,757.00
INDIANA STONEWALL DEMOCRATS,2003,750.00
INDIANA STONEWALL DEMOCRATS,2005,750.00
GAY & LESBIAN DEMOCRATS OF SUFFOLK COUNTY,2006,750.00
PAKISTANI AMERICAN COMMUNITY OF ATLANTA,2006,750.00
EQUALITY NORTH CAROLINA,2007,750.00
NASSAU COUNTY LESBIAN & GAY DEMOCRATS,2008,750.00
CAPITAL REGION STONEWALL DEMOCRATS,2008,750.00
LOG CABIN REPUBLICAN CLUB OF VIRGINIA,2009,750.00
STONEWALL DEMOCRATIC CAUCUS OF ARKANSAS,2010,750.00
NEW HAMPSHIRE STONEWALL DEMOCRATS,2010,750.00
EQUALITY VIRGINIA,2012,750.00
WILLIAM & MARY GAY LESBIAN ALUMNI,2012,750.00
GAY & LESBIAN DEMOCRATS OF SUFFOLK COUNTY,2008,725.00
BROWARD LOG CABIN CLUB,2012,725.00
BASIC RIGHTS OREGON,2015,713.52
COMM FOR FAIRNESS & INDIVIDUAL RIGHTS,1996,700.00
RAINBOW EQUALITY,2010,700.00
STONEWALL DEMOCRATIC CLUB,2011,700.00
STONEWALL DEMOCRATS OF DALLAS,2013,700.00
STONEWALL DEMOCRATIC CAUCUS,2016,700.00
BLACK HILLS AREA GAY & LESBIAN ASSOCIATION,2006,688.00
REPUBLICAN LIBERTY,2002,650.00
STONEWALL DEMOCRATS OF MASSACHUSETTS,2004,650.00
STONEWALL DEMOCRATS OF MASSACHUSETTS,2008,650.00
KANAWHA STONEWALL DEMOCRATS,2008,650.00
STONEWALL YOUNG DEMOCRATS,2010,650.00
STONEWALL DEMOCRATS OF CENTRAL MARYLAND,2014,642.27
STONEWALL DEMOCRATS OF CENTRAL MARYLAND,2014,642.27
STONEWALL DEMOCRATS OF CENTRAL MARYLAND,2014,642.27
PFLAG DENVER,2006,639.04
CMTE FOR FAIRNESS & INDIVIDUAL RIGHTS,2010,625.00
LESBIAN & GAY DEMOCRATIC CLUB OF QUEENS,2011,618.00
STONEWALL DEMOCRATS,2014,607.00
RIGHT TO PRIVACY PAC,1996,600.00
EQUALITY NEW MEXICO,2002,600.00
TECHNO DYKE,2004,600.00
BAY STATE GAY & LESBIAN DEMOCRATS,2008,600.00
EQUALITY UTAH,2009,600.00
BASIC RIGHTS OREGON,2011,600.00
HARVEY MILK LGBT DEMOCRATIC CLUB,2011,600.00
KANSAS DEMOCRATIC CAUCUS LGBT,2012,600.00
DELAWARE STONEWALL DEMOCRATS,2017,600.00
STONEWALL DEMOCRATIC CLUB,2017,600.00
STANDING TOGETHER & RECLAIMING THE STATE/STARS,2000,577.00
FLORIDA GLBT DEMOCRATIC CAUCUS,2007,569.35
GAY LESBIAN & BISEXUAL COMMUNITY,2000,561.00
LANSING ASSOCIATION FOR HUMAN RIGHTS,2014,553.00
GLID A K A G & L INDEPENDENT DEMOCRATS,2002,550.00
PFLAG GENESEE COUNTY,2004,550.00
STONEWALL DEMOCRATS OF THE RIO GRANDE VALLEY,2010,550.00
STONEWALL DEMOCRATIC CLUB,2016,540.00
EQUAL RIGHTS WASHINGTON,2018,515.05
SEATTLE GAY NEWS,1992,510.00
LAMBDA DEMOCRATS OF KEY WEST,2004,510.00
PRIVACY FUND,1994,500.00
COMM FOR FAIRNESS & INDIVIDUAL RIGHTS,1994,500.00
AMERICAN AIDS,1996,500.00
NEW YORK STATE LOG CABIN REPUBLICANS,1997,500.00
LOUISIANA LESBIAN & GAY PAC LAGPAC,1999,500.00
LAMBDA DEMOCRATS OF KEY WEST,2000,500.00
WILLIAM BRYAN STRYKER ELECCONTRACTING INC,2000,500.00
EAST END GAY ORG/EEGO,2000,500.00
NORTH CAROLINA EQUALITY,2000,500.00
LOG CABIN REPUBLICANS,2002,500.00
LOG CABIN REPUBLICANS NEW YORK,2002,500.00
BAY STATE GAY & LESBIAN DEMOCRATS PAC,2002,500.00
LOG CABIN REPUBLICANS OF TAMPA BAY,2002,500.00
CENTRAL OKLAHOMA STONEWALL DEMOCRATS,2002,500.00
CENTRAL OKLAHOMA STONEWALL DEMOCRATS,2003,500.00
PFLAG LANSING,2004,500.00
PFLAG-EUGENE/SPRINGFIELD,2004,500.00
INDIANA STONEWALL DEMOCRAT,2004,500.00
STONEWALL DEMOCRATS OF ARIZONA,2004,500.00
GAY PASG PAC,2005,500.00
KANSANS FOR FAIRNESS,2005,500.00
STONEWALL DEMOCRATS OF AUSTIN,2005,500.00
AUSTIN GAY & LESBIAN INTERNATIONAL FILM FESTIVAL,2005,500.00
LAMDA DEMOCRATS OF KEY WEST,2006,500.00
LEGAL MARRIAGE ALLIANCE,2006,500.00
GAY & LESBIAN INDEPENDENT DEMOCRATS,2006,500.00
BALTIMORE OUTLOUD,2006,500.00
INDIANA STONEWALL DEMOCRATS,2006,500.00
COLORADO GAY & LESBIAN ASSOCIATION,2006,500.00
ARIZONA TOGETHER,2006,500.00
MAINE WONT DISCRIMINATE,2006,500.00
EQUALITY VIRGINIA,2007,500.00
GAY & LESBIAN POLITICAL ACTION & SUPPORT GROUP/GAYPASG,2007,500.00
ALICE B TOKLAS LESBIAN GAY DEMOCRATIC CLUB,2008,500.00
CENTRAL OKLAHOMA STONEWALL DEMOCRATS,2008,500.00
EQUALITY NEW MEXICO,2008,500.00
GAY & LESBIAN VICTORY FUND,2009,500.00
STONEWALL DEMOCRATS,2009,500.00
STONEWALL DEMOCRATIC CLUB,2009,500.00
G V STONEWALL DEMOCRATIC CLUB,2010,500.00
KANSAS EQUALITY COALITION,2010,500.00
FAMILY EQUALITY,2010,500.00
EQUALITY MICHIGAN,2011,500.00
CLEVELAND STONEWALL DEMOCRATS,2011,500.00
JLS OPERATIONS,2011,500.00
STONEWALL DEMOCRATIC CAUCUS OF ARKANSAS,2011,500.00
UTAH LOG CABIN REPUBLICANS,2011,500.00
EQUALITY FEDERATION,2012,500.00
FAMILY EQUALITY COUNCIL,2012,500.00
STONEWALL DEMOCRATIC CLUB,2012,500.00
KANSAS EQUALITY COALITION,2012,500.00
STONEWALL DEMOCRATIC-FARMER-LABOR PARTY,2012,500.00
STONEWALL DEMOCRATIC CAUCUS OF ARKANSAS,2012,500.00
NATIONAL LOG CABIN REPUBLICANS,2012,500.00
SDC OF AR,2012,500.00
EQUALITY MAINE,2013,500.00
TEXAS EQUITY PAC,2013,500.00
EQUALITY NORTH CAROLINA,2014,500.00
KANSAS DEMOCRATIC CAUCUS LGBT,2014,500.00
STONEWALL DEMOCRATS OF SAN ANTONIO,2015,500.00
TEXAS STONEWALL DEMOCRATIC CAUCUS,2016,500.00
STONEWALL DEMOCRATIC CLUB OF NEW YORK CITY,2016,500.00
KANSAS DEMOCRATIC CAUCUS LGBT,2016,500.00
EQUALITY PENNSYLVANIA,2016,500.00
GARDEN STATE EQUALITY,2017,500.00
CAPITAL REGION STONEWALL DEMOCRATS,2017,500.00
EQUALITY UTAH,2017,500.00
EQUALITY FEDERATION,2018,500.00
STONEWALL DEMOCRATS OF SAN ANTONIO,2018,500.00
WESTERN MONTANA GAY & LESBIAN COMMUNITY,2004,497.50
PFLAG/DENTON COUNTY,2005,488.00
SEATTLE GAY NEWS,1994,480.00
NASSAU COUNTY LESBIAN & GAY DEMOCRATS,2004,475.00
CENTRAL OKLAHOMA STONEWALL DEMOCRATS,2007,470.00
MICH PRIDE PAC,1998,450.00
GAYPASG PAC,2002,450.00
PRIDE DAY CMTE,2004,450.00
STONEWALL DEMOCRATS OF DALLAS,2004,450.00
GAYPASG PAC,2006,450.00
GAYS & LESBIANS ORGANIZED FOR BETTERMENT & EQUALITY / GLOBE,2012,450.00
STONEWALL DEMOCRATS OF ARKANSAS,2014,450.00
FLORIDA GLBT DEMOCRATIC CAUCUS,2017,450.00
STONEWALL DEMOCRATS OF CENTRAL OHIO,2018,450.00
LOG CABIN REPUBLICANS PARTY OF BROWARD COUNTY,2002,442.00
LOG CABIN REPUBLICANS NEW YORK,2014,425.00
HARVEY MILK LGBT DEMOCRATIC CLUB,2012,420.10
STONEWALL DEMOCRATS,2004,408.00
VIRGINIA PARTISAN GAY & LESBIAN DEMO,1999,400.00
GLID,2000,400.00
TEXAS STONEWALL DEMOCRATIC CAUCUS,2002,400.00
TEXAS STONEWALL DEMOCRATIC CAUCUS,2004,400.00
GLID,2004,400.00
DELAWARE LIBERTY FUNDS,2004,400.00
TEXAS STONEWALL DEMOCRATIC CAUCUS,2006,400.00
STONEWALL DEMOCRATS OF SOUTHWEST FLORIDA,2006,400.00
EQUALITY FAIRFAX,2006,400.00
JEFFCOUNTY DEMOCRATS GLBT CAUCUS,2008,400.00
STONEWALL DEMOCRATS OF MASSACHUSETTS,2010,400.00
STONEWALL DEMOCRATS OF WNY,2010,400.00
HOUR OF POWER,2010,400.00
UTAH STONEWALL DEMOCRATS,2010,400.00
EQUAL RIGHTS ACTION,2011,400.00
STONEWALL DEMOCRATS OF MASSACHUSETTS,2012,400.00
STONEWALL DEMOCRATS OF WNY,2012,400.00
STONEWALL DEMOCRATS OF MASSACHUSETTS,2014,400.00
ALICE B TOKLAS LGBT DEMOCRATIC CLUB PAC,2010,396.00
SOUTHERN ARIZONA STONEWALL DEMOCRATS,2004,395.00
PRIDE SOURCE MEDIA,2004,379.00
WINGSPAN,2008,375.00
STONEWALL DEMOCRATS OF TARRANT COUNTY,2006,370.00
EQUALITY VIRGINIA,2013,360.11
ASTRAEA FOUNDATION,2004,350.00
UTAH LOG CABIN REPUBLICANS,2004,350.00
GAY & LESBIAN INDEPENDENT DEMOCRATS / GLID,2006,350.00
EQUALITY MARYLAND,2007,350.00
STONEWALL DEMOCRATS OF SOUTHWEST FLORIDA,2010,350.00
EQUALITY MARYLAND,2011,350.00
STONEWALL DEMOCRATS OF PINELLAS,2014,350.00
TRIANGLE FOUNDATION,2004,335.00
WASHINGTON STATE STONEWALL DEMOCRATS,2009,330.00
MICH PRIDE PAC,2002,325.00
KANSAS CITY PRIDE DEMOCRATIC CLUB,2008,325.00
CSRA RAINBOW ALLIANCE,2006,302.00
LOVE MAKES A FAMILY PAC,2002,300.00
WASHTENAW RAINBOW ACTION PROJECT,2004,300.00
CAPITAL REGION STONEWALL DEMOCRATS,2006,300.00
LESBIAN & GAY DEMOCRATIC CLUB OF QUEENS,2008,300.00
NATIONAL LOG CABIN REPUBLICANS,2009,300.00
PINELLAS STONEWALL PAC,2010,300.00
GLBT DEMOCRATS & ALLIES OF JEFFERSON COUNTY,2010,300.00
LOG CABIN REPUBLICAN CLUB OF VIRGINIA,2011,300.00
LOG CABIN REPUBLICANS OF MAIMI DADE,2012,300.00
LOG CABIN REPUBLICANS OF CALIFORNIA,2013,300.00
LANSING ASSOCIATION FOR HUMAN RIGHTS,2018,300.00
STONEWALL DEMOCRATS OF DENTON COUNTY,2018,300.00
PARENTS FAMILIES FRIENDS OF LESBIANS & GAYS/PFLAG,2004,290.00
LAKE COUNTY STONEWALL DEMOCRATIC CLUB,2008,281.00
NASSAU COUNTY LESBIAN & GAY DEMOCRATS,2000,275.00
ARIZONA HUMAN RIGHTS FUND,2002,270.00
FLORIDA GLBT DEMOCRATIC CAUCUS,2015,270.00
ONE IOWA,2007,265.00
LGBT POLITICAL CAUCUS OF SO OREGON,2004,260.00
NM LESBIAN &GAY POLITICAL ALLIANCE,1996,250.00
MI PRIDE PAC,1998,250.00
PRIVACY FUND,1998,250.00
PRIVACY FUND/HANDS OFF WA,1998,250.00
PRIDE OF PHILADELPHIA ELECTION COMM,1998,250.00
PRIDE OF PHILADELPHIA ELECTION COMM,1998,250.00
ME WONT DISCRIMINATE,1998,250.00
MICH PRIDE PAC,1999,250.00
BAY STATE GAY & LESBIAN DEMOCRATS PAC,2000,250.00
GAY & LESBIAN DEMOCRATS PAC,2000,250.00
LOG CABIN REPUBLICANS,2001,250.00
LAGPAC,2001,250.00
LOG CABIN CLUB OF EASTERN MASSACHUSETTS,2002,250.00
CLEVELAND STONEWALL DEMOCRATS,2002,250.00
GAY & LESBIAN INDEPENDENT DEMOCRATS/GLID,2002,250.00
GLBT DEMOCRATS & ALLIES OF JEFFERSON COUNTY,2002,250.00
BSG&L DEMOCRATS PAC INC,2004,250.00
STONEWALL DEMOCRATIC CLUB,2004,250.00
LESBIAN & GAY DEMOCRATIC CLUB OF QUEENS,2004,250.00
LOG CABIN REPUBLICANS,2005,250.00
LOVE MAKES A FAMILY,2005,250.00
CITIZENS FOR FAIRNESS,2005,250.00
STONEWALL DEMOCRATIC CMTE,2006,250.00
STONEWALL DEMOCRATES,2006,250.00
BAY STATE STONEWALL DEMOCRATS,2006,250.00
STONEWALL DEMOCRATIC CLUB 1247892,2006,250.00
GLID,2006,250.00
THE GAY & LESBIAN ACTIVIST,2006,250.00
PFLAG DILLON SUMMIT COUNTY,2006,250.00
VA PARTISANS,2007,250.00
FLORIDA GLBT DEMOCRATIC CAUCUS,2008,250.00
STONEWALL DEMOCRATS SAUGATUCK,2008,250.00
GAY & LESBIAN INDEPENDENT DEMOCRATS,2008,250.00
STONEWALL DEMOCRATICS OF WNY,2008,250.00
KANSAS DEMOCRATIC LBGT CAUCUS,2008,250.00
OUTFRONT MINNESOTA,2008,250.00
BAY STATE STONEWALL DEMOCRATS,2009,250.00
STONEWALL DEMOCRATS OF CENTRAL OHIO,2009,250.00
EQUALITY OHIO,2010,250.00
CENTER ADVOCATES,2010,250.00
MARRIAGE EQUALITY RHODE ISLAND,2010,250.00
CMTE FOR FAIRNESS & INDIVIDUAL RIGHTS,2011,250.00
GAY & LESBIAN INDEPENDENT DEMOCRATS,2012,250.00
STONEWALL DEMOCRATS OFTHERIO GRANDE VALLEY,2012,250.00
EQUALITY NC ACTION PAC,2012,250.00
BASIC RIGHTS OREGON,2013,250.00
KANSAS CITY PRIDE DEMOCRATIC CLUB,2014,250.00
CAPITAL REGION STONEWALL DEMOCRATS,2014,250.00
STONEWALL DEMOCRATIC-FARMER-LABOR PARTY,2015,250.00
STONEWALL DEMOCRATS,2016,250.00
STONEWALL DEMOCRATS OF PINELLAS,2016,250.00
EQUALITY VIRGINIA,2016,250.00
STONEWALL YOUNG DEMOCRATS,2017,250.00
INDIANA STONEWALL DEMOCRATS,2017,250.00
YES FOR MARRIAGE & EQUALITY PAC,2007,233.13
GAY & LESBIAN LABOR ACTIVIST PAC,2008,225.00
OREGON UNITED FOR MARRIAGE,2013,225.00
FLORIDA GLBT DEMOCRATIC CAUCUS,2011,210.00
MASSEQUALITY,2005,207.01
STONEWALL DEMOCRATS,2000,204.00
STONEWALL DEMO,1998,200.00
LOG CABIN REPUBLICANS OF WISCONSIN,1998,200.00
HARVEY MUGGY LESBIAN/GAY DEMOCRATS,2000,200.00
HARVEY MUGGY LESBIAN/GAY DEMOCRATS,2002,200.00
GAY & LESBIAN VOTERS PAC,2002,200.00
NASSAU COUNTY LESBIAN & GAY DEMOCART,2002,200.00
NASAU COUNTY LESBIAN & GAY DEMOCRATS,2002,200.00
EQUALITY NORTH CAROLINA,2002,200.00
RAINBOW DEMOCRATIC CLUB,2003,200.00
FOUR FREEDOMS DEMOCRATIC CLUB,2004,200.00
PFLAG-KC,2004,200.00
VA PARTISANS,2004,200.00
PFLAG/FORT WORTH,2005,200.00
DESERT STONEWALL DEMOCRATS,2006,200.00
GATEWAY STONEWALL DEMOCRATS,2006,200.00
CHRISTIANS FOR EQUALITY,2006,200.00
LESBIAN & GAY DEMOCRATIC CLUB OF QUEENS,2006,200.00
LOG CABIN REPUBLICAN CLUB OF PENNSYLVANIA,2006,200.00
ROANOKE VALLEY CHAPTER OF PFLAG,2006,200.00
PAKISTANI AMERICAN COMMUNITY OF ATLANTA,2007,200.00
EQUALITY NEW MEXICO,2007,200.00
PFLAG DOWNRIVER,2008,200.00
CLEVELAND STONEWALL DEMOCRATS,2009,200.00
FRESNO STONEWALL DEMOCRATS,2010,200.00
STONEWALL DEMOCRATS OF EASTERN MISSOURI,2010,200.00
STONEWALL DEMOCRATS OF MASSACHUSETTS,2011,200.00
BAY STATE GAY & LESBIAN DEMOCRATS,2012,200.00
STONEWALL DEMOCRATS OF SOUTHWEST FLORIDA,2012,200.00
MASSEQUALITY,2013,200.00
CAPITAL REGION STONEWALL DEMOCRATS,2013,200.00
STONEWALL DEMOCRATS OF THE RIO GRANDE VALLEY,2013,200.00
TEP-PAC,2015,200.00
TENNESSEE EQUALITY PROJECT,2015,200.00
STONEWALL DEMOCRATIC CLUB,2018,200.00
BAY STATE STONEWALL DEMOCRATS,2018,200.00
STONEWALL DEMOCRATIC CLUB,2018,200.00
CENTRAL MAINE GAY MENS SUPPORT GROUP,2005,190.00
RAINBOW DEMOCRATIC CLUB,2006,175.00
PFLAG VALLEY COUNTY,2006,169.15
STONEWALL DEMOCRATS OF DENTON COUNTY,2012,160.00
MICHIGAN PRIDE,1998,150.00
LOG CABIN REPUBLICAN CLUB OF PENNSYLVANIA,2000,150.00
AFTER 8 INC,2000,150.00
GLID A K A G & L INDEPENDENT DEMOCRATS,2000,150.00
GEORGIA LOG CABIN REPUBLICANS,2000,150.00
GEORGIA LOG CABIN REPUBLICANS,2001,150.00
PRIDE PAC,2006,150.00
STONEWALL DEMOCRATIC CLUB,2006,150.00
EL PASO COUNTY STONEWALL DEMOCRATS,2006,150.00
EQUAL RIGHTS WASHINGTON,2007,150.00
KANSAS DEMOCRATIC LBGT CAUCUS,2007,150.00
STONEWALL DEMOCRATIC CLUB,2008,150.00
KANSAS DEMOCRATIC LBGT CAUCUS,2009,150.00
WASHINGTON STATE STONEWALL DEMOCRATS,2010,150.00
LOG CABIN CLUB ORANGE COUNTY,2012,150.00
MID COLUMBIA PFLAG,2004,145.00
ST LOUIS STONEWALL DEMOCRATS,2012,140.00
BASIC RIGHTS OREGON,2000,127.00
DELAWARE STONEWALL DEMOCRATS,2005,125.00
GAY & LESBIAN VICTORY FUND,2005,125.00
EQUALITY NEW MEXICO,2005,125.00
VIRGINIA PARTISANS GAY & LESBIAN PAC,2007,125.00
"VOID, URVASHI",2008,124.80
STONEWALL DEMOCRATS,2003,105.00
GAY & LESBIAN UTAH DEMOCRATS,1990,100.00
HUMAN RIGHTS CAMPAIGN,1994,100.00
GLUE PAC,1996,100.00
MICH PRIDE PAC,2000,100.00
HARVEY MUGGY LESBIAN/GAY DEMOCRATS,2001,100.00
STONEWALL DEMOCRATS,2002,100.00
BAY STATE STONEWALL DEMOCRATS,2002,100.00
RAINBOW DEMOCRATIC CLUB,2002,100.00
LESBIAN & GAY DEMOCRATIC CLUB OF QUEENS,2002,100.00
MAINE LESBIAN GAY POLITICAL ALLIANCE,2002,100.00
DESERT STONEWALL DEMOCRATS,2004,100.00
PFLAG DOWNRIVER,2004,100.00
PFLAG ANN ARBOR,2004,100.00
PFLAG TRI-CITIES,2004,100.00
GAY/LESBIAN NETWORK OF WESTERN MICHIGAN,2004,100.00
LOG CABIN REPUBLICANS OF WASHINGTON,2004,100.00
PFLAG FOREST GROVE,2004,100.00
PFLAG CENTRAL OREGON,2004,100.00
PFLAG CLACKAMAS COUNTY,2004,100.00
PFLAG CORVALLIS-ALBANY CHAPTER,2004,100.00
STONEWALL DEMOCRATS OF NORTHERN NEVADA,2004,100.00
JUNCTION CITY TEDDY BEARS/JCTB,2005,100.00
HUDSON BAPTIST CHURCH,2005,100.00
PRIDE AT WORK,2005,100.00
RED WING PFLAG,2006,100.00
GAY STRAIGHT ALLIANCE,2006,100.00
LOG CABIN REPUBLICAN CLUB,2006,100.00
PFLAG OF PUEBLO,2006,100.00
DELAWARE LIBERTY FUNDS,2006,100.00
OKLAHOMA STONEWALL DEMOCRATS,2006,100.00
STONEWALL DEMOCRATS OF SAN ANTONIO,2006,100.00
DELAWARE STONEWALL DEMOCRATS,2007,100.00
SUNCOAST STONEWALL DEMOCRATS,2008,100.00
SUMMIT COUNTY STONEWALL DEMOCRATS,2008,100.00
GLID,2008,100.00
TEP-PAC,2009,100.00
MID-COAST FOR MAINE EQUALITY,2009,100.00
SOUTHERN MAINE PRIDE,2009,100.00
FRESNO STONEWALL DEMOCRATS,2010,100.00
FRESNO STONEWALL DEMOCRATS,2010,100.00
DESERT STONEWALL DEMOCRATS,2010,100.00
BROWARD LOG CABIN CLUB,2010,100.00
EQUALITY NEW MEXICO,2010,100.00
STONEWALL DEMOCRATS OF CENTRAL OHIO,2012,100.00
FAIRNESS FUND,2012,100.00
EQUALITY FOR ALL,2012,100.00
STONEWALL DEMOCRATIC CLUB,2014,100.00
LOG CABIN REPUBLICANS OF MAIMI DADE,2014,100.00
CAPITAL REGION STONEWALL DEMOCRATS,2015,100.00
STONEWALL DEMOCRATS OF WNY,2016,100.00
LOG CABIN REPUBLICANS OF MAIMI DADE,2016,100.00
STONEWALL DEMOCRATS,2017,100.00
BRO ELECT PAC,2000,77.00
PRIDE FOUNDATION,2000,75.00
STEVENS POINT GAY-STRAIGHT ALLIANCE,2006,75.00
EL PASO COUNTY STONEWALL DEMS,2006,75.00
EL PASO COUNTY STONEWALL DEMOCRATS,2008,75.00
PLAG,2009,75.00
LANSING ASSOCIATION FOR HUMAN RIGHTS,2016,75.00
PFLAG/AUSTIN,2005,74.00
FLORIDA TRIANGLE DEMOCRATIC CAUCUS,2005,70.00
"LONG, GANNON",2009,65.00
PARENTS & FRIENDS OF LESBIANS,2000,60.00
EVERGREEN PFLAG,2006,54.00
STONEWALL DEMOCRATS OF THE RIO GRANDE VALLEY,2015,50.40
MINNESOTA DEMOCRATIC LESBIAN/GAY CAUCUS,1998,50.00
MICH PRIDE PAC,2003,50.00
HARVEY MUGGEY LESBIAN/GAY DEMOCRATS,2003,50.00
WASHINGTON STONEWALL DEMOCRATS,2003,50.00
PFLAG/EL PASO,2005,50.00
GAY & LESBIAN LABOR ACTIVIST PAC,2006,50.00
SOUTHERN ARIZONA STONEWALL DEMOCRATS,2006,50.00
LOG CABIN REPUBLICANS OF ORLANDO,2008,50.00
THE GAY & LESBIAN COMMUNITY CENTER OF KEY WEST,2008,50.00
RAINBOW EQUALITY PAC,2008,50.00
ATLANTA STONEWALL DEMOCRATS,2010,50.00
MARRIAGE EQUALITY RHODE ISLAND,2012,50.00
BROWARD LOG CABIN REPUBLICAN CLUB,2012,50.00
STONEWALL DEMOCRATS OF CENTRAL MARYLAND,2014,50.00
LOG CABIN CLUB ORANGE COUNTY,1999,45.00
BASIC RIGHTS OF OREGON ELECT PAC 3087,2000,41.00
STONEWALL DEMOCRATS OF ARIZONA,2014,40.00
HOUSTON LESBIAN PRESS,2000,35.00
DIGNITY/SAN ANTONIO,2005,25.00
LESBIAN-GAY ALLIANCE,2005,25.00
EL PASO COUNTY STONEWALL DEMS,2002,20.00
G/L COMMUNITY TRUST,2006,20.00
GAY STRAIGHT STUDENT ALLIANCE,2006,20.00
STONEWALL DEMOCRATS OF PINELLAS,2006,17.00
"SEIBEL, MORGAN",2012,9.90
LOG CABIN CLUB ORANGE COUNTY,2006,0.00
FAMILIES FOR A BETTER IDAHO,2006,0.00
TRIANGLE PRIDE OF MICHIGAN,2006,-500.00
INDIANA STONEWALL DEMOCRATS,2004,-2500.00
